MCES	Nonconformity	Ion Type
10.97	1.9383483886718693	[M+Na]+
9.87	5.236071777343739	[M+Na]+
9.87	-11.653430175781239	[M-H]-
10.98	-0.4014221191406193	[M+Na]+
10.055	1.7554107666015568	[M+H]+
9.05	3.3985778808593636	[M-H]-
10.12	-10.525326538085949	[M+Na]+
9.95	4.371539306640614	[M-H]-
10.5	-11.904516601562506	[M+H]+
10.5	-1.1333374023437557	[M+Na]+
9.23	-1.0234313964843693	[M-H]-
11.11	-21.4342041015625	[M+Na]+
10.336	-3.2708984374999943	[M-H]-
10.414	-7.316030883789068	[M+Na]+
10.414	-14.809130859374989	[M+H]+
10.414	-6.133618164062511	[M-H]-
11.414	-4.425042724609369	[M+H]+
11.414	-4.868893432617199	[M+Na]+
11.414	-6.112451171874994	[M-H]-
9.98	-8.038806152343739	[M+H]+
9.98	3.0243041992187614	[M+Na]+
9.98	-2.4232849121093807	[M+H]+
9.98	-8.674029541015614	[M-H]-
10.26	-1.382904052734375	[M+Na]+
11.49	-5.997827148437494	[M+H]+
11.49	-12.25182495117187	[M+Na]+
11.49	13.260818481445312	[M-H]-
9.78	2.999111938476574	[M+Na]+
9.78	-2.197662353515625	[M-H]-
10.42	-5.123791503906261	[M+Na]+
10.42	1.6640258789062443	[M-H]-
10.0	3.1647460937500114	[M+H]+
10.0	2.40374755859375	[M+Na]+
10.0	4.117486572265619	[M-H]-
10.4	-7.350567626953136	[M-H]-
9.086	-0.15692749023438068	[M-H]-
10.11	-2.5223144531250057	[M-H]-
10.65	-0.17132263183594887	[M+H]+
10.23	0.12804260253906818	[M-H]-
10.42	3.0959182739257756	[M-H]-
9.89	-0.18956298828123863	[M+H]+
9.89	-4.744244384765636	[M+Na]+
9.89	-4.495361328125	[M-H]-
10.49	-8.249987792968739	[M+H]+
10.49	-13.34783935546875	[M-H]-
10.75	-0.30524902343751137	[M+H]+
9.87	-5.416778564453125	[M+H]+
9.05	-1.1755584716796932	[M-H]-
9.98	-2.3976318359374886	[M+Na]+
9.98	1.935638427734375	[M+H]+
9.42	-0.9909545898437386	[M+H]+
8.914	-0.4667419433593807	[M+H]+
10.47	-3.7619750976562614	[M+H]+
10.47	-11.762786865234375	[M+Na]+
9.836	9.620881652832026	[M-H]-
10.5	-1.7554351806640511	[M+Na]+
10.0	-3.8457794189453125	[M+H]+
9.98	-1.4698242187500057	[M+H]+
9.98	1.687225341796875	[M+Na]+
10.42	-7.939196777343739	[M+H]+
10.42	-9.92993774414063	[M+Na]+
10.42	-32.17163696289063	[M-H]-
10.4	-4.549264526367182	[M+Na]+
9.97	-4.043646240234381	[M+Na]+
9.97	-4.817147827148432	[M+H]+
11.62	-15.043801879882807	[M+Na]+
11.62	-4.231533813476574	[M-H]-
10.1	-0.7879760742187614	[M+Na]+
10.76	-2.269223022460949	[M+H]+
10.914	-14.86358032226562	[M-H]-
10.33	4.492321777343761	[M-H]-
10.33	4.619352722167974	[M-H]-
11.11	7.126226806640631	[M-H]-
11.1	-19.133029174804676	[M+Na]+
10.164	-6.478906249999994	[M-H]-
11.086	-3.1113159179687386	[M-H]-
10.22	7.3506317138671875	[M+Na]+
10.33	3.951655578613284	[M-H]-
10.49	-0.30192871093748863	[M+H]+
10.49	-6.356329345703131	[M+Na]+
10.49	1.0165740966796761	[M-H]-
12.61	5.100006103515625	[M+H]+
10.2	12.064500427246088	[M-H]-
10.13	-6.135127258300784	[M+H]+
9.086	-0.5926330566406364	[M-H]-
10.47	78.26993408203126	[M-H]-
11.0	7.163598632812494	[M+H]+
11.0	9.015110778808591	[M-H]-
9.945	-0.3098999023437443	[M+H]+
9.94	-1.0667175292968807	[M+H]+
9.89	-0.11920776367188068	[M+Na]+
9.89	-2.3392272949218693	[M+H]+
9.89	1.2250183105468864	[M-H]-
10.44	-4.834265136718756	[M+H]+
13.0	17.36632080078124	[M+Na]+
10.5	-8.743066406249994	[M-H]-
7.51	1.5409912109375057	[M+Na]+
7.51	1.6513580322265682	[M-H]-
9.95	-16.3942840576172	[M+H]+
9.76	9.312609863281239	[M+Na]+
9.76	-9.714941406250006	[M-H]-
10.9	-7.035528564453131	[M+Na]+
10.0	7.144168090820301	[M+Na]+
10.0	1.1695800781249943	[M+H]+
10.0	-1.02349853515625	[M+H]+
10.445	0.4775024414062443	[M-H]-
9.28	-1.1273315429687614	[M+H]+
9.28	-3.0672058105468807	[M-H]-
9.94	-3.4441467285156193	[M-H]-
11.0	-1.65814208984375	[M+H]+
10.15	1.5909271240234375	[M-H]-
10.64	-3.9920288085937443	[M-H]-
10.74	-4.798754882812489	[M-H]-
10.27	-2.751705932617199	[M+Na]+
10.336	-1.0058929443359261	[M+Na]+
10.83	3.013821411132824	[M-H]-
10.83	-1.0883758544921989	[M+H]+
10.73	-7.798779296875011	[M+Na]+
10.78	-9.521624755859364	[M+H]+
10.78	-3.4154907226562443	[M+Na]+
10.47	-6.8672637939453125	[M+Na]+
10.47	3.0950683593750057	[M-H]-
10.336	3.0677490234375	[M-H]-
10.58	3.3127380371093693	[M+Na]+
10.58	10.355200195312506	[M-H]-
9.72	-2.0579406738281136	[M-H]-
10.26	-3.4715148925781136	[M-H]-
10.27	-2.943154907226557	[M-H]-
9.72	-2.1579406738281364	[M-H]-
10.2	2.805050659179699	[M+Na]+
10.2	-4.324237060546864	[M+H]+
10.2	-5.356884765625011	[M-H]-
10.11	-3.6094116210937557	[M+H]+
8.805	1.2679199218750057	[M+H]+
8.805	-6.130010986328131	[M-H]-
10.25	-3.9728881835937386	[M-H]-
8.78	1.7821685791015511	[M+Na]+
10.62	11.29039916992187	[M+H]+
9.805	2.0683441162109375	[M+H]+
9.805	9.928790283203114	[M+Na]+
10.44	7.349395751953125	[M+H]+
9.87	5.621594238281261	[M+H]+
9.87	-6.385382080078131	[M+Na]+
11.22	2.5433380126953153	[M+H]+
15.48	28.42367858886719	[M-H]-
9.85	0.22543029785157387	[M-H]-
10.39	-1.8716674804687443	[M+H]+
11.14	6.420576477050787	[M+H]+
11.14	-0.9862960815429744	[M-H]-
10.33	-12.541607666015636	[M-H]-
10.586	-0.9762145996093636	[M+H]+
10.586	1.1631530761718807	[M-H]-
11.664	-2.3638977050781307	[M+Na]+
11.664	-1.1986206054687614	[M-H]-
10.27	-5.1443023681640625	[M+Na]+
10.27	3.0383178710937386	[M+H]+
10.27	14.68012084960938	[M-H]-
10.01	-8.268908691406239	[M+Na]+
10.195	-0.4819091796875057	[M-H]-
10.11	-1.7557739257812557	[M+H]+
9.8	7.017361450195324	[M+H]+
9.055	1.9091766357421989	[M+H]+
9.805	1.5818969726562386	[M+H]+
9.805	-2.1990234374999886	[M-H]-
11.81	-1.6549697875976506	[M+H]+
12.1	-4.775567626953119	[M-H]-
9.55	25.73393554687499	[M+H]+
10.45	2.1382385253906193	[M+Na]+
10.45	1.5166534423828182	[M+H]+
10.97	8.269783020019531	[M+H]+
9.695	-6.273641967773443	[M-H]-
9.78	-2.0296783447265625	[M-H]-
12.95	116.48177032470704	[M+H]+
11.4	-6.886993408203125	[M+Na]+
10.85	-4.289739990234381	[M+Na]+
10.74	-0.6426025390624943	[M+Na]+
10.74	1.456268310546875	[M+H]+
10.74	5.270654296874994	[M-H]-
10.23	0.3492034912109432	[M-H]-
10.45	7.3177490234375	[M-H]-
10.45	-2.1891601562500114	[M+H]+
10.49	6.5272216796875	[M-H]-
10.31	-6.224537658691403	[M+H]+
9.55	-4.910504150390636	[M+H]+
10.24	-3.9466979980468864	[M+H]+
10.24	-0.19439086914061932	[M+Na]+
10.24	-3.0183837890625114	[M-H]-
9.22	1.5087829589843693	[M-H]-
8.45	-3.6604858398437443	[M+H]+
9.85	-4.651507568359364	[M+Na]+
10.88	-1.8649169921874886	[M+H]+
10.88	8.02160034179687	[M-H]-
9.61	-4.769268798828136	[M-H]-
10.805	-3.148916625976568	[M+Na]+
10.61	-2.302398681640625	[M+H]+
8.67	-4.512927246093739	[M+H]+
8.58	2.2649963378906364	[M-H]-
10.52	-8.763256835937497	[M+H]+
9.37	-1.9696746826171818	[M+H]+
10.86	-14.462133789062506	[M+Na]+
10.86	-37.04877319335938	[M-H]-
9.94	-11.42449340820312	[M+Na]+
9.94	8.414193725585932	[M+H]+
10.87	-7.957421874999994	[M+H]+
10.87	-3.516409301757818	[M+Na]+
10.836	-21.61784667968749	[M+Na]+
9.24	-1.2864868164062386	[M-H]-
10.38	-6.050067138671864	[M-H]-
10.0	-0.9296020507812557	[M+Na]+
10.28	-5.406271362304693	[M-H]-
10.164	4.549786376953136	[M-H]-
11.26	-2.239614868164068	[M+H]+
11.26	-0.9705688476562386	[M+Na]+
9.13	-5.12109375	[M+Na]+
10.52	-14.356237792968756	[M+Na]+
11.86	-0.06466064453124432	[M+Na]+
8.05	-4.043707275390631	[M-H]-
9.08	-0.9684234619140568	[M-H]-
9.95	-2.8076446533203097	[M+H]+
10.664	-4.29754638671875	[M+Na]+
10.48	-12.141345214843739	[M+H]+
10.48	-5.564117431640625	[M+Na]+
10.48	-0.7147674560546875	[M-H]-
8.52	4.051644897460932	[M+Na]+
9.914	-1.2641998291015568	[M+H]+
10.45	0.7319854736328182	[M-H]-
10.48	3.176583862304682	[M-H]-
11.195	-8.192980957031239	[M-H]-
8.17	0.9873901367187443	[M-H]-
9.86	329.2	[M-H]-
9.78	-19.31505737304687	[M-H]-
10.8	-6.835290527343744	[M-H]-
9.74	0.08426513671875568	[M-H]-
11.305	1.2120590209960938	[M+H]+
10.31	47.49024658203126	[M+Na]+
10.31	63.38533630371094	[M+H]+
10.836	9.56951293945312	[M+Na]+
10.836	0.4871826171875	[M+H]+
9.55	2.6930557250976506	[M-H]-
8.37	2.1194580078125114	[M-H]-
10.695	-3.8686340332031364	[M+H]+
10.695	-6.54852294921875	[M-H]-
9.86	-1.3708007812500114	[M+Na]+
10.805	-3.9292785644531136	[M-H]-
10.8	-6.056970214843744	[M-H]-
9.195	-1.3840820312499886	[M-H]-
10.55	-1.8576477050781364	[M-H]-
10.8	-7.283505249023449	[M-H]-
10.76	-13.343292236328125	[M-H]-
9.28	1.2135162353515625	[M-H]-
10.5	-8.291125488281239	[M+H]+
10.5	4.363983154296875	[M+Na]+
10.414	-1.7983367919921989	[M-H]-
10.31	-15.038049316406244	[M+H]+
10.31	-10.671054077148426	[M-H]-
11.22	1.0617462158203068	[M+H]+
9.5	-2.845458984375	[M+Na]+
10.2	3.578390502929693	[M-H]-
9.75	-8.572634887695315	[M+H]+
10.28	3.1690353393554744	[M-H]-
10.26	-1.0924011230468693	[M-H]-
10.75	-0.5828186035156193	[M-H]-
9.836	-3.6015869140624943	[M+H]+
9.836	-5.9881134033203125	[M+Na]+
10.39	-2.9016403198242244	[M-H]-
7.76	0.42039184570313637	[M-H]-
10.76	0.8529525756835881	[M+H]+
10.76	12.903114318847656	[M-H]-
9.78	-0.9762847900390739	[M-H]-
9.9	-0.9613861083984432	[M-H]-
10.89	-0.004519653320315342	[M-H]-
12.24	3.4558532714843864	[M+H]+
9.414	0.27955932617186363	[M+Na]+
10.01	-4.705816650390631	[M-H]-
11.586	-0.12976379394530113	[M+Na]+
10.414	-6.776080322265628	[M-H]-
9.86	5.300048828125	[M+H]+
10.03	-2.0734130859374886	[M-H]-
9.98	-7.021539306640619	[M-H]-
11.31	1.6719375610351506	[M+H]+
10.75	3.2957824707031307	[M-H]-
10.695	-1.11181640625	[M+H]+
9.83	0.6670623779296818	[M+H]+
10.37	-1.9188079833984375	[M+H]+
9.98	2.9506378173828125	[M-H]-
9.914	-4.956628417968744	[M-H]-
10.49	-2.3625305175781364	[M-H]-
10.4	4.8126220703125	[M+Na]+
8.39	2.9121551513671875	[M+H]+
8.39	6.909033203125006	[M+Na]+
8.39	0.5780822753906136	[M-H]-
11.01	-5.477731323242182	[M+H]+
11.01	-0.2999725341796875	[M+Na]+
10.94	-4.158700561523432	[M+Na]+
11.6	-4.362194824218761	[M+Na]+
11.9	-3.2746032714843807	[M+Na]+
11.27	-4.922906494140619	[M+Na]+
10.75	-7.546832275390614	[M+Na]+
9.805	-2.3342224121093693	[M+H]+
9.805	2.676492309570307	[M+Na]+
9.805	-4.179278564453114	[M-H]-
10.31	-1.4620788574218864	[M+H]+
10.31	-0.363494873046875	[M-H]-
11.195	-6.4925079345703125	[M-H]-
10.81	-11.171008300781239	[M+Na]+
9.42	1.9277359008789006	[M-H]-
13.445	120.26712036132812	[M+H]+
11.37	0.7985015869140568	[M+H]+
12.13	-2.3579208374023466	[M+H]+
11.24	0.28272705078126137	[M-H]-
7.727	-1.4537750244140568	[M-H]-
10.08	2.390615844726568	[M-H]-
10.61	3.9706970214843693	[M-H]-
10.77	8.079380798339841	[M-H]-
10.77	3.667619323730463	[M-H]-
10.55	2.584329223632807	[M+H]+
10.55	-3.076022338867176	[M-H]-
8.67	-6.723535156249994	[M-H]-
11.78	0.42300109863282387	[M-H]-
10.695	1.6419448852539062	[M+H]+
10.695	3.7640151977539062	[M-H]-
10.2	7.2179107666015625	[M-H]-
10.37	3.05565948486327	[M+H]+
10.37	-0.5338088989257841	[M-H]-
15.24	12.760339355468744	[M-H]-
8.13	1.6937683105468864	[M-H]-
8.27	3.6513427734375057	[M+Na]+
9.95	-2.2406738281250114	[M+H]+
9.94	3.7980758666992216	[M-H]-
10.73	-1.7615295410156193	[M+Na]+
10.48	-0.4897399902343693	[M+H]+
10.75	3.177011108398432	[M-H]-
10.77	2.7880630493164062	[M-H]-
9.48	-1.3923583984374943	[M-H]-
9.33	2.24224853515625	[M-H]-
9.26	3.0140380859375	[M-H]-
10.92	-11.262344360351562	[M-H]-
11.414	-1.1297225952148438	[M+H]+
11.15	-6.535696411132818	[M-H]-
10.19	-9.456691454296873	[M-H]-
12.836	-6.909786987304699	[M-H]-
10.52	10.340811157226568	[M+Na]+
9.555	4.944128417968756	[M-H]-
9.28	-1.4524948120117216	[M-H]-
9.97	7.540728759765614	[M-H]-
9.914	-4.817257690429699	[M+H]+
10.37	-2.827423095703125	[M-H]-
7.37	-0.7511840820312443	[M-H]-
7.37	-4.438555908203114	[M+H]+
8.24	3.0401718139648324	[M-H]-
6.977	-0.6290374755859318	[M-H]-
9.22	-0.6380462646484375	[M-H]-
10.15	2.157339477539068	[M-H]-
10.62	-2.549661254882807	[M+Na]+
10.62	-0.1135406494140625	[M-H]-
9.414	-2.284274291992176	[M-H]-
9.87	-1.6999786376953239	[M+H]+
9.95	-2.5448425292968864	[M-H]-
10.64	-3.136270141601557	[M+H]+
10.64	3.271653747558588	[M-H]-
10.805	2.1211654663085966	[M-H]-
9.81	6.495912170410151	[M-H]-
12.69	8.041287706738288	[M+H]+
9.83	-4.009936523437489	[M+H]+
11.69	9.940567016601562	[M-H]-
10.75	-3.431912231445324	[M-H]-
8.4	-10.080615234374989	[M-H]-
9.94	0.44678955078126137	[M-H]-
11.67	0.14537200927733807	[M-H]-
12.74	11.747090148925778	[M-H]-
9.945	-3.182965087890622	[M+H]+
10.12	-10.988690185546886	[M+Na]+
10.055	-1.0656860351562614	[M-H]-
9.72	2.7063476562499886	[M-H]-
10.74	6.160104370117182	[M-H]-
10.11	-5.468298339843756	[M-H]-
10.76	6.552015686035162	[M-H]-
10.37	6.700888061523443	[M+H]+
10.58	1.0412872314453239	[M+Na]+
9.4	-0.4594207763671818	[M+H]+
9.4	-2.4119018554687557	[M-H]-
9.164	-1.430084228515625	[M-H]-
10.555	-3.312631225585932	[M+H]+
13.92	9.921708679199213	[M-H]-
9.33	-4.135580444335943	[M-H]-
9.76	-5.994024658203131	[M-H]-
9.695	-5.053790283203114	[M-H]-
9.76	-6.639370727539074	[M-H]-
9.76	-6.519497680664074	[M-H]-
9.67	-7.989816284179682	[M-H]-
10.49	4.62957763671875	[M+H]+
10.49	-5.518701171874994	[M-H]-
9.17	0.7064270019531307	[M+Na]+
9.17	-8.137411499023443	[M+H]+
9.17	0.380828857421875	[M-H]-
10.27	-0.5324951171874943	[M+Na]+
10.27	8.209613037109364	[M+H]+
10.27	0.149871826171875	[M-H]-
10.19	-7.929180908203136	[M+H]+
10.81	-3.0904266357421903	[M+H]+
10.97	-1.8268234252929716	[M+H]+
9.78	-1.3035430908203125	[M+H]+
10.05	3.8538330078125114	[M+H]+
10.805	1.1328079223632699	[M-H]-
9.56	1.9378723144531307	[M-H]-
10.4	3.9761550903320284	[M-H]-
9.95	-6.818212890625006	[M+Na]+
9.95	-3.7941406250000114	[M+H]+
9.95	-1.6221984863281307	[M-H]-
10.87	6.781280517578125	[M+Na]+
10.22	5.789099121093756	[M-H]-
9.74	6.728723144531244	[M+H]+
10.914	-4.430181884765631	[M+H]+
10.914	2.6993225097656364	[M+Na]+
9.85	4.842019653320307	[M+H]+
10.78	5.029382324218744	[M+Na]+
9.086	5.603473950976564	[M+H]+
9.52	0.9666656494140682	[M-H]-
9.28	4.186822509765619	[M+Na]+
9.83	-2.7631164550781193	[M+H]+
11.336	-1.0723022460937557	[M+H]+
9.086	4.214768981933588	[M-H]-
9.5	4.944361877441395	[M-H]-
10.87	-0.08563537597655113	[M-H]-
11.35	49.10216674804687	[M+Na]+
10.0	11.356900024414074	[M+H]+
10.0	-3.6521972656250057	[M-H]-
11.25	3.638671875	[M-H]-
9.11	14.4161392211914	[M-H]-
9.24	-12.45092163085937	[M-H]-
11.19	6.318304443359381	[M-H]-
9.31	-1.9242980957031364	[M-H]-
9.33	-12.755001831054699	[M-H]-
10.0	-5.638192749023432	[M+H]+
9.52	3.5196731567382784	[M-H]-
11.305	-5.153750610351551	[M+Na]+
11.305	-22.273089599609364	[M+H]+
10.92	-3.4756713867187443	[M+Na]+
10.92	-14.103979492187506	[M+H]+
10.914	-3.4206481933593693	[M+Na]+
9.8	-2.747772216796875	[M+Na]+
9.8	-3.0282531738281193	[M+H]+
10.1	-5.437731933593739	[M-H]-
10.0	-2.1351806640624886	[M+Na]+
10.0	1.0158233642578125	[M-H]-
10.31	4.357537841796869	[M+Na]+
10.31	-0.94891357421875	[M+H]+
10.31	17.421731567382807	[M-H]-
9.65	-2.238320922851557	[M+H]+
11.51	-4.926657104492193	[M+H]+
10.39	-0.20146026611328693	[M+H]+
9.06	7.539488220214849	[M-H]-
8.695	-3.467742919921875	[M+H]+
10.75	3.306021118164068	[M-H]-
9.56	-3.5504333496093636	[M-H]-
11.7	16.58002014160155	[M+H]+
11.7	8.73822631835938	[M+Na]+
9.88	-2.600747680664057	[M+H]+
8.67	1.2631011962890568	[M-H]-
9.195	2.1361618041992188	[M-H]-
10.64	1.8259948730468807	[M+H]+
10.64	4.068518066406256	[M-H]-
10.83	-5.479528808593756	[M+Na]+
9.17	-2.5667602539062386	[M+H]+
9.17	-2.0283935546875114	[M-H]-
9.61	-5.785208129882818	[M-H]-
9.6	-1.6198669433593693	[M+H]+
9.6	2.1593444824218864	[M+Na]+
9.6	-1.2436767578124943	[M-H]-
8.38	1.95904541015625	[M+Na]+
8.38	-0.06587524414061363	[M+H]+
9.15	0.17066040039063068	[M-H]-
10.0	-3.8054931640625114	[M-H]-
9.39	0.3893188476562557	[M-H]-
9.26	3.0093933105468693	[M-H]-
10.25	-2.606057739257807	[M+H]+
10.25	-5.369909667968756	[M-H]-
9.88	0.4618591308593807	[M+H]+
9.88	3.3688415527343807	[M+Na]+
9.88	-2.4780822753906193	[M-H]-
9.35	-1.1604187011718636	[M+H]+
9.9	-8.209518432617188	[M+H]+
12.195	2.871804809570307	[M+H]+
12.195	8.76238861083985	[M-H]-
8.55	7.321876525878906	[M-H]-
9.63	0.9005233764648466	[M-H]-
8.31	-2.6019836425781193	[M+H]+
10.05	1.5411865234374886	[M-H]-
10.0	3.457205200195318	[M-H]-
7.76	2.4898925781249943	[M-H]-
9.2	0.91876220703125	[M-H]-
11.33	0.5270172119140568	[M+H]+
11.08	7.196492004394528	[M+H]+
11.08	12.12932739257812	[M-H]-
9.67	-3.7971740722656193	[M-H]-
10.5	-4.347546386718761	[M-H]-
9.78	1.5244812011718807	[M+Na]+
9.78	2.8461730957031364	[M-H]-
9.94	-4.012426757812506	[M-H]-
9.63	-1.1470947265625	[M-H]-
10.42	1.2729400634765682	[M+H]+
11.65	-1.5407394409179744	[M+H]+
9.65	-2.6312438964843636	[M-H]-
11.0	0.633758544921875	[M+H]+
11.0	1.9685546874999886	[M-H]-
10.26	6.081195068359364	[M+H]+
10.26	0.5916381835937443	[M-H]-
9.86	0.9012390136718693	[M+H]+
9.86	-4.874295043945324	[M-H]-
9.72	-1.5027008056640625	[M+H]+
10.445	5.872039794921875	[M+H]+
10.02	-3.1071064933593675	[M+H]+
9.02	1.7467102050781307	[M-H]-
8.195	-5.005743408203131	[M+H]+
8.67	-4.118814086914057	[M+H]+
8.67	1.3137054443359375	[M-H]-
10.0	-0.05804443359375	[M+H]+
10.0	-10.540509033203136	[M+Na]+
9.9	2.2714660644531364	[M+H]+
10.52	-1.209136962890625	[M+Na]+
10.52	-1.9324737548828068	[M+H]+
10.42	-2.8206787109375	[M-H]-
9.9	6.4405059814453125	[M-H]-
9.74	-2.4088317871093636	[M-H]-
10.69	0.9897583007812614	[M-H]-
10.49	-18.64959106445312	[M+H]+
10.49	-10.288806152343739	[M-H]-
10.67	0.21494140625000568	[M+Na]+
10.67	-0.6282958984375	[M+H]+
10.0	7.306347656250011	[M-H]-
9.52	4.996966552734364	[M+H]+
9.95	-2.854666137695318	[M+H]+
9.65	1.2142181396484375	[M-H]-
9.0	8.791171264648426	[M+H]+
10.98	-3.1239074707031307	[M+H]+
10.98	11.69683837890625	[M-H]-
10.0	8.673825073242199	[M+H]+
11.38	6.357073974609364	[M-H]-
10.14	-5.955548095703136	[M+Na]+
10.14	12.232379150390614	[M+H]+
9.44	4.341198730468761	[M+H]+
9.98	-2.774758911132807	[M+H]+
9.914	4.065435791015631	[M-H]-
10.35	12.465502929687489	[M+Na]+
10.35	2.97613525390625	[M+H]+
9.48	2.032949829101568	[M-H]-
10.02	6.904806518554693	[M+H]+
10.836	-0.9476593017578239	[M-H]-
10.0	-2.2663696289062614	[M+H]+
10.0	-0.65234375	[M-H]-
10.0	-7.917492675781261	[M+Na]+
10.0	-14.253149414062506	[M+H]+
10.0	-13.427108764648438	[M-H]-
9.7	-5.505212402343744	[M+Na]+
9.89	1.8388824462890625	[M-H]-
9.15	1.0672149658203125	[M+Na]+
9.15	-1.7685089111328125	[M-H]-
11.336	0.4812866210937443	[M-H]-
8.78	6.814704895019531	[M-H]-
8.89	-5.103497314453122	[M+H]+
10.02	5.7673187255859375	[M-H]-
9.14	8.68121948242188	[M-H]-
9.12	-5.192285156249994	[M+H]+
9.67	10.458093261718744	[M+H]+
9.945	0.33870239257811363	[M+H]+
9.945	3.5909240722656364	[M+Na]+
9.945	-5.13946533203125	[M-H]-
9.45	8.690243530273449	[M+H]+
9.39	7.73394775390625	[M+H]+
9.24	0.2788482666015568	[M-H]-
9.9	-0.665985107421875	[M+Na]+
9.9	1.9585998535156364	[M+H]+
9.9	0.12108764648436932	[M-H]-
9.914	4.096928405761716	[M-H]-
10.08	1.3003723144531136	[M-H]-
9.78	4.674192810058599	[M-H]-
10.77	3.455796813964838	[M-H]-
9.13	1.2548797607421989	[M-H]-
9.33	3.147879028320318	[M-H]-
10.27	3.803009033203125	[M-H]-
8.78	3.1661788940429574	[M-H]-
7.87	-14.305090332031256	[M+Na]+
9.62	12.723464965820312	[M-H]-
10.086	5.892222595214847	[M-H]-
8.83	6.792852783203131	[M-H]-
10.38	10.890882873535162	[M-H]-
11.64	2.389199829101557	[M+H]+
11.64	1.9547531127929716	[M-H]-
10.33	5.936737060546875	[M-H]-
8.63	-0.7875091552734261	[M-H]-
9.39	19.265580749511713	[M-H]-
9.95	1.1240417480468636	[M+Na]+
9.95	-1.5598327636718636	[M+H]+
8.8	-8.87658081054687	[M+H]+
9.89	2.698544311523449	[M+H]+
9.15	1.9959838867187614	[M+H]+
9.06	2.8386337280273324	[M-H]-
10.836	3.481977844238287	[M-H]-
9.48	9.62915649414063	[M+H]+
9.47	0.9023223876953068	[M-H]-
9.586	12.345654296875011	[M+H]+
9.35	12.832171630859364	[M+H]+
9.805	-4.109173583984386	[M-H]-
8.39	4.307176208496088	[M-H]-
10.85	-4.321922302246094	[M+H]+
11.836	7.31378173828125	[M+H]+
11.836	8.593212890625011	[M-H]-
10.02	4.490838623046869	[M-H]-
8.5	6.3109130859375	[M-H]-
10.15	-0.362640380859375	[M-H]-
10.11	8.709275817871088	[M-H]-
7.902	4.595538330078114	[M-H]-
10.02	-6.464154052734386	[M+H]+
10.02	-16.50316772460937	[M+Na]+
10.02	21.19561157226562	[M-H]-
10.15	6.6414642333984375	[M-H]-
9.24	2.9655395507812443	[M-H]-
9.35	0.9560791015624943	[M-H]-
8.336	-3.567291259765625	[M+H]+
9.64	-8.363024902343753	[M+H]+
10.75	1.521144104003909	[M-H]-
9.63	-5.058056640625011	[M-H]-
9.74	4.820065307617199	[M-H]-
9.77	-2.736117553710926	[M+H]+
9.77	-2.23663330078125	[M-H]-
11.27	-1.146392822265625	[M+H]+
11.5	2.9165466308593864	[M+H]+
11.5	10.71325073242187	[M+Na]+
11.5	-0.8414459228515625	[M-H]-
10.8	5.400508117675784	[M-H]-
10.15	4.237030029296875	[M-H]-
10.74	7.4820404052734375	[M-H]-
10.76	4.730633544921872	[M-H]-
11.39	6.768077087402347	[M-H]-
10.25	-7.83258056640625	[M+H]+
10.25	1.4857666015624886	[M-H]-
9.55	-3.592294311523432	[M-H]-
9.63	-0.8380981445312443	[M-H]-
9.63	10.7305908203125	[M+H]+
9.45	0.8431457519531307	[M-H]-
9.5	3.4345581054687386	[M-H]-
9.25	1.0416381835937614	[M-H]-
8.7	-17.716012573242182	[M+Na]+
9.13	0.712982177734375	[M-H]-
11.14	5.728562927246088	[M+H]+
11.14	11.00445404052735	[M-H]-
10.76	-1.5745727539062386	[M-H]-
9.85	5.187503051757801	[M+H]+
8.914	0.6850982666015568	[M-H]-
9.74	-3.8735839843749886	[M-H]-
9.3	-7.439294433593744	[M-H]-
8.44	4.552639770507824	[M-H]-
11.47	-15.290386962890636	[M-H]-
7.24	-2.2228881835937386	[M-H]-
10.78	-7.769049072265631	[M+H]+
10.0	-2.4956512451171875	[M+H]+
10.0	2.316830444335949	[M+Na]+
9.88	-4.361425781250006	[M+H]+
10.055	2.110079956054676	[M-H]-
9.72	-5.8665313720703125	[M+H]+
9.0	6.536068725585935	[M-H]-
10.805	2.0670593261718864	[M-H]-
11.195	3.5387039184570312	[M+H]+
11.195	4.808711242675784	[M-H]-
9.85	-4.740209960937506	[M-H]-
6.574	-1.6372314453124943	[M-H]-
10.58	4.35253448486327	[M-H]-
11.45	4.239942932128912	[M-H]-
10.305	-2.612277221679676	[M+H]+
10.81	-0.3740585327148409	[M+H]+
10.81	4.248919677734378	[M-H]-
10.77	-2.2549377441406193	[M-H]-
10.195	-2.683258056640625	[M+H]+
10.55	2.5475402832031193	[M-H]-
10.695	0.20158691406250284	[M-H]-
9.87	-3.102752685546875	[M+H]+
9.88	-4.417230224609369	[M+Na]+
9.88	-7.91595458984375	[M+H]+
9.88	-9.151815795898443	[M-H]-
10.78	-6.515783691406256	[M+H]+
9.98	2.7183959960937614	[M-H]-
10.555	3.7270431518554688	[M+H]+
10.555	5.144500732421875	[M-H]-
10.2	-2.440359497070318	[M-H]-
9.8	-2.42694091796875	[M-H]-
10.37	8.16362915039062	[M+H]+
10.37	-8.844409179687489	[M-H]-
10.48	0.11544494628907387	[M-H]-
10.77	2.2190658569335966	[M+H]+
10.77	7.980552673339844	[M-H]-
10.15	1.0105224609374943	[M+H]+
9.31	-0.11010131835936932	[M+H]+
11.414	0.9493576049804631	[M-H]-
10.695	9.490370178222662	[M-H]-
10.85	1.6249206542968722	[M+H]+
9.89	-4.0218963623046875	[M+H]+
11.0	0.98968505859375	[M-H]-
10.65	2.4462890625	[M+H]+
10.65	1.695664978027338	[M-H]-
10.33	-0.7810913085937443	[M+H]+
10.74	0.5170043945312557	[M-H]-
9.914	-3.7999206542968693	[M-H]-
12.2	-20.24455566406249	[M+Na]+
12.2	2.902914428710943	[M+H]+
12.2	5.960539245605474	[M-H]-
9.94	-8.998190307617193	[M+H]+
9.94	1.6497894287109318	[M+Na]+
9.94	4.642480468749994	[M-H]-
10.05	-8.171475219726574	[M-H]-
10.13	1.8609436035156364	[M-H]-
9.94	-6.208593750000006	[M+H]+
9.94	4.073355102539068	[M+Na]+
9.94	4.799597167968756	[M-H]-
10.83	-1.2490051269531364	[M-H]-
9.86	-0.9562643432617222	[M+H]+
9.86	-1.8405609130859375	[M-H]-
9.78	-3.228781127929693	[M+H]+
9.78	-6.067858886718739	[M-H]-
10.27	-5.512298583984375	[M+H]+
10.35	-9.065786743164068	[M-H]-
10.35	-2.79931640625	[M+H]+
9.55	-8.922299194335949	[M-H]-
15.78	5.9805450439453125	[M+Na]+
15.78	3.456167602539068	[M-H]-
12.2	4.032975769042963	[M-H]-
8.086	7.426460266113281	[M-H]-
10.67	-2.2796447753906364	[M+Na]+
10.67	1.4553924560546818	[M+H]+
10.67	-4.475042724609381	[M-H]-
13.03	2.0702636718750114	[M-H]-
8.4	1.2847900390625	[M-H]-
9.83	2.2386047363281136	[M+Na]+
9.98	-17.459628295898426	[M-H]-
10.95	2.3011627197265625	[M+Na]+
10.85	-0.13370666503905682	[M+H]+
10.3	-4.352185058593761	[M+H]+
10.3	-2.8647216796875057	[M-H]-
10.49	-0.18116455078126137	[M+H]+
10.49	4.320672607421869	[M-H]-
10.39	71.25243530273437	[M-H]-
10.92	-6.892816162109369	[M+Na]+
8.33	-6.6286773681640625	[M+Na]+
8.33	0.16632385253905113	[M+H]+
12.19	2.720501708984372	[M+H]+
12.19	2.784414672851568	[M-H]-
9.94	4.4290313720703125	[M+Na]+
10.3	3.437136840820301	[M+H]+
11.23	-0.2617340087890625	[M+Na]+
11.45	-2.248171997070301	[M+Na]+
11.164	-4.088449096679682	[M+Na]+
10.48	-4.223950195312511	[M+H]+
10.48	-5.027795410156244	[M+Na]+
10.48	-3.485501098632824	[M-H]-
10.5	8.214871215820324	[M-H]-
9.74	-5.499548339843756	[M-H]-
37.03	-59.071044921875	[M+Na]+
37.03	-56.134478759765614	[M+H]+
37.03	-62.84230957031252	[M-H]-
10.03	-2.0617187500000114	[M+H]+
10.03	5.373278808593739	[M+Na]+
11.22	-0.3800720214843807	[M+H]+
11.414	4.137719726562494	[M+H]+
11.414	-5.3074951171875	[M+Na]+
11.414	7.118682861328125	[M-H]-
9.45	-4.781771850585926	[M+Na]+
9.45	-0.6561218261718693	[M+H]+
9.39	-0.03767700195311363	[M-H]-
10.5	-8.340408325195312	[M-H]-
10.22	2.3109985351562443	[M+Na]+
10.22	-1.1686553955078125	[M+H]+
10.65	2.503347778320318	[M+Na]+
10.65	-6.946704101562489	[M-H]-
9.98	-2.2064453124999943	[M+H]+
9.98	-2.983456420898449	[M+Na]+
15.26	24.607722473144534	[M-H]-
16.97	1.6393005371093636	[M-H]-
26.02	-19.55662841796874	[M+Na]+
26.02	-9.689428710937477	[M+H]+
26.02	-30.567163085937523	[M-H]-
17.14	11.487371350878902	[M-H]-
9.95	1.206298828125	[M+H]+
10.0	-3.06890869140625	[M+H]+
10.0	0.9591552734374886	[M-H]-
9.94	-4.230416870117182	[M+H]+
10.49	8.41565551757813	[M+Na]+
10.49	6.734710693359375	[M+H]+
10.49	-1.7629638671874943	[M-H]-
9.99	-3.1162109375	[M+H]+
14.27	-13.16339111328125	[M+H]+
14.27	-4.224200439453114	[M+Na]+
14.27	-14.623083496093756	[M-H]-
10.836	6.533850097656227	[M+H]+
10.836	-18.105505371093756	[M+Na]+
10.836	-17.59754638671876	[M-H]-
9.695	1.2301086425781307	[M+H]+
10.33	55.26667175292968	[M-H]-
10.47	-2.3865783691406364	[M+Na]+
10.47	-3.109341430664074	[M+H]+
10.47	-5.22467041015625	[M-H]-
10.47	-2.8093414306640625	[M+H]+
10.47	-1.8865783691406364	[M+Na]+
10.47	-4.924670410156239	[M-H]-
14.53	-8.368179321289062	[M+H]+
14.53	39.327374267578136	[M+Na]+
10.5	-1.0965209960937443	[M-H]-
10.445	0.5192596435546761	[M+Na]+
10.445	1.4145019531250114	[M+H]+
10.445	12.848004150390636	[M-H]-
9.5	2.8269714355468807	[M-H]-
9.03	-11.466589355468756	[M+H]+
9.03	-3.6858947753906364	[M+Na]+
11.94	-6.495428466796881	[M+H]+
11.94	-6.710864257812489	[M+Na]+
11.94	-12.836669921875	[M-H]-
10.88	-0.19134521484375	[M+H]+
10.88	8.200280761718744	[M+Na]+
11.6	0.304962158203125	[M+H]+
10.0	2.524374389648443	[M+H]+
9.805	-11.556277465820301	[M+H]+
10.0	1.9440124511718864	[M+H]+
10.0	-10.576196289062494	[M+Na]+
10.0	-5.158489990234386	[M-H]-
10.5	-2.1608703613281364	[M+H]+
10.5	8.531115722656239	[M+Na]+
10.5	10.491320800781239	[M-H]-
10.12	-11.255810546875011	[M+H]+
10.12	0.5140045166015739	[M+Na]+
10.12	-0.5800933837890625	[M-H]-
10.17	-12.112594604492188	[M+H]+
11.305	6.942742919921898	[M+H]+
11.305	14.820837402343727	[M+Na]+
11.305	5.630444335937511	[M-H]-
10.17	-4.776330566406244	[M+Na]+
10.17	-10.247891235351574	[M+H]+
10.555	7.7351226806640625	[M+Na]+
10.555	-1.7920501708984489	[M+H]+
10.555	6.814813232421869	[M-H]-
10.47	-0.595794677734375	[M+H]+
9.53	-2.7454833984375	[M+H]+
12.055	1.2986877441406364	[M+H]+
12.055	1.0034820556640511	[M+Na]+
11.055	4.886404418945318	[M+Na]+
11.055	-2.179473876953125	[M-H]-
11.055	0.6502777099609318	[M+H]+
10.5	-0.9250732421874943	[M+Na]+
10.76	2.6018737792968807	[M+Na]+
13.13	-4.099822998046875	[M+H]+
10.15	-2.3653564453125	[M+H]+
10.664	3.8212707519531364	[M-H]-
10.48	1.26446533203125	[M+Na]+
10.48	-1.636444091796875	[M+H]+
9.414	-3.5966339111328125	[M+Na]+
9.414	-3.536163330078125	[M+H]+
10.11	1.7324584960937557	[M+Na]+
9.74	-1.03558349609375	[M+Na]+
10.5	-5.9455108642578125	[M-H]-
10.25	-0.824676513671875	[M+Na]+
10.25	-2.520816040039051	[M+H]+
6.26	-10.425772094726568	[M+Na]+
6.26	-9.566296386718761	[M+H]+
6.26	-1.2225280761718693	[M-H]-
10.5	1.1998718261718864	[M+Na]+
10.86	1.4562835693359375	[M+Na]+
8.98	-3.9907775878906193	[M-H]-
9.37	0.06477966308594318	[M+Na]+
8.89	1.9269226074218864	[M-H]-
10.0	1.0682693481445256	[M+H]+
9.86	3.803858947753909	[M-H]-
14.02	5.558154296874989	[M+H]+
14.02	2.4878051757812614	[M-H]-
10.586	3.0725387573242244	[M+H]+
9.95	-2.775146484375	[M+H]+
10.55	0.17620086669921875	[M+H]+
10.38	0.7142440795898466	[M-H]-
7.78	5.726318359375	[M-H]-
9.89	1.8321502685546989	[M+Na]+
7.87	2.7422607421875114	[M-H]-
10.0	0.4945434570312557	[M+Na]+
10.36	-5.7512359619140625	[M+Na]+
10.36	1.28521728515625	[M+H]+
10.36	-12.91021728515625	[M-H]-
10.86	-31.80988769531251	[M+Na]+
12.81	0.009458923339849434	[M+H]+
12.81	1.7426879882812614	[M+Na]+
10.49	8.434222412109364	[M+Na]+
10.49	-16.07581787109376	[M+H]+
10.77	-2.4242675781250114	[M+Na]+
10.77	-3.103488159179676	[M-H]-
10.5	-1.1856842041015625	[M-H]-
10.5	9.595767211914051	[M-H]-
9.805	2.90594482421875	[M+Na]+
9.805	-9.037332153320307	[M+H]+
10.37	-4.632342529296864	[M+Na]+
10.37	-2.8377319335937443	[M-H]-
9.78	1.5179016113281136	[M+Na]+
9.69	0.21970520019530682	[M+H]+
9.69	-4.4153594970703125	[M+Na]+
9.69	-2.3539886474609375	[M-H]-
10.25	-2.221560668945301	[M+Na]+
10.27	-4.999121093750006	[M+Na]+
10.27	-7.396032714843756	[M+H]+
10.27	-1.2960357666015625	[M-H]-
10.49	-5.250796508789051	[M+H]+
11.47	-12.357836914062489	[M+Na]+
10.35	-4.216949462890625	[M+Na]+
11.27	-3.697598266601574	[M+Na]+
10.36	1.6649353027343636	[M+Na]+
10.99	-0.9487640380859261	[M+Na]+
11.06	8.38311767578125	[M+Na]+
11.06	6.8399505615234375	[M-H]-
10.78	9.02898559570312	[M+Na]+
10.81	7.032318115234375	[M+Na]+
10.42	2.6602722167968693	[M+Na]+
9.17	-16.37517089843749	[M+Na]+
9.17	-12.463159179687494	[M+H]+
8.95	9.927331542968744	[M-H]-
11.51	-1.98834228515625	[M+Na]+
13.164	-6.785711669921881	[M+H]+
13.164	-10.992831420898426	[M+Na]+
9.95	-10.655868530273438	[M+Na]+
10.0	-5.401831054687506	[M-H]-
10.0	-20.98164062500001	[M+Na]+
10.0	-20.46379394531249	[M-H]-
10.0	2.9076690673828125	[M+H]+
10.72	-1.3362884521484375	[M-H]-
9.17	-1.3114562988281193	[M-H]-
9.98	-17.98676757812501	[M+Na]+
10.78	-14.628555297851562	[M+Na]+
10.42	13.279992675781244	[M-H]-
9.22	-2.5703308105468636	[M-H]-
8.94	8.011822509765636	[M-H]-
10.305	-23.084066772460943	[M-H]-
10.5	-0.019750976562505684	[M+Na]+
10.5	-1.0056396484374943	[M+H]+
10.5	-22.872460937499994	[M-H]-
10.5	-20.277203369140636	[M+H]+
10.5	-14.863116455078114	[M-H]-
9.6	-1.683685302734375	[M+H]+
9.6	-1.9735168457031307	[M-H]-
10.49	-2.642404174804682	[M+H]+
10.49	-2.3259216308593693	[M+Na]+
10.49	0.09100952148438068	[M-H]-
10.2	16.28186645507813	[M+Na]+
10.2	3.349404907226557	[M+H]+
10.2	0.6588195800781307	[M-H]-
10.45	-4.014410400390631	[M-H]-
13.53	11.448211669921875	[M+Na]+
13.53	-13.478231811523443	[M-H]-
11.28	-3.721435546875	[M-H]-
10.64	-3.772613525390625	[M+Na]+
10.64	-4.004513549804699	[M-H]-
10.88	3.0393249511718636	[M-H]-
10.45	1.8452331542968636	[M-H]-
9.914	-0.6238372802734489	[M+H]+
10.45	-0.4995513916015568	[M+H]+
10.0	2.4907470703124943	[M+Na]+
10.5	13.55805053710938	[M+Na]+
10.5	-2.2518066406250057	[M-H]-
9.805	-2.263192749023432	[M+Na]+
9.805	-0.5334808349609261	[M+H]+
10.445	6.010836791992176	[M-H]-
10.5	-2.8488037109374886	[M+Na]+
10.5	-1.0581848144531136	[M+H]+
10.5	-5.623193359374994	[M-H]-
10.19	1.0417938232421875	[M+H]+
10.19	7.18316650390625	[M+Na]+
9.35	1.7941070556640568	[M+H]+
10.35	-3.2353576660156307	[M+Na]+
10.35	-1.1648071289062614	[M+H]+
10.35	3.521871948242193	[M-H]-
10.0	0.4809173583984432	[M+Na]+
10.49	1.2340148925781307	[M+Na]+
9.305	-3.3883239746093636	[M+H]+
9.305	-1.6924377441406193	[M+Na]+
11.45	0.5148590087890739	[M+Na]+
9.305	-2.644552612304693	[M+Na]+
9.305	-0.9514282226562614	[M+H]+
9.305	-0.7049926757812557	[M-H]-
10.05	-5.604870605468761	[M+Na]+
10.05	-0.4823170646484414	[M+H]+
10.336	-3.1282836914062386	[M-H]-
10.33	2.7959533691406193	[M-H]-
10.19	-3.723837280273443	[M-H]-
8.72	0.5968994140625057	[M-H]-
14.13	3.223358154296875	[M+Na]+
10.5	3.0837554931640625	[M+H]+
10.5	14.530920410156256	[M+Na]+
10.5	-1.87554931640625	[M-H]-
10.5	-1.1639221191406364	[M+H]+
10.5	18.497943115234364	[M-H]-
10.5	13.05530395507813	[M-H]-
10.44	2.6248962402343636	[M-H]-
10.445	4.227044677734369	[M-H]-
10.52	3.712771606445301	[M-H]-
31.45	34.99179687499998	[M+H]+
31.45	42.49128417968751	[M-H]-
10.47	3.4332153320312386	[M-H]-
10.74	8.640716552734375	[M-H]-
10.49	10.732745361328114	[M-H]-
11.44	13.211755371093744	[M-H]-
10.48	4.950674438476568	[M+H]+
10.48	11.527301025390614	[M-H]-
10.414	-4.179760742187511	[M+H]+
10.414	-1.6464447021484432	[M-H]-
10.47	-6.050213623046886	[M+H]+
10.47	3.2247375488281307	[M-H]-
28.28	22.33050537109375	[M+H]+
28.28	17.414251708984352	[M-H]-
16.44	16.247088623046864	[M+H]+
16.44	26.918084716796898	[M-H]-
13.836	24.86021728515624	[M+H]+
13.836	29.201818847656227	[M+Na]+
13.836	31.338238525390636	[M-H]-
9.48	6.5179443359375	[M+H]+
10.586	-17.38225708007812	[M+Na]+
10.586	-3.1746948242187614	[M-H]-
10.5	-5.756854248046864	[M+Na]+
10.5	-0.7809692382812443	[M+H]+
10.5	2.9545837402343693	[M+H]+
9.95	-1.6592315673828182	[M+H]+
9.95	-6.285845947265614	[M-H]-
9.37	-2.8897552490234375	[M+H]+
9.37	-1.6438720703125114	[M-H]-
10.0	-5.519134521484375	[M-H]-
10.0	-6.8784942626953125	[M+H]+
39.3	17.869476318359375	[M+H]+
39.3	-4.125292968749989	[M-H]-
11.38	20.577542114257824	[M-H]-
10.35	4.562365722656239	[M-H]-
10.35	-0.3771606445312443	[M+H]+
10.49	3.5352783203125	[M-H]-
10.45	1.9681121826171761	[M-H]-
19.4	-32.53807983398437	[M+H]+
10.72	-8.652850341796864	[M+H]+
10.72	-7.816973876953114	[M-H]-
10.0	8.734500122070301	[M+Na]+
10.0	1.7778350830078011	[M+H]+
10.28	3.4091796875	[M+Na]+
10.28	-7.690298461914068	[M+H]+
10.28	-9.623947143554688	[M-H]-
10.03	-1.5920623779296932	[M+H]+
10.03	-2.114471435546875	[M-H]-
10.305	-7.513153076171875	[M+H]+
10.305	-3.6482177734374943	[M-H]-
10.17	1.4639373779296818	[M-H]-
10.17	0.2868865966796932	[M+H]+
9.94	-7.019357299804682	[M+H]+
10.47	3.7030517578124886	[M-H]-
10.664	-0.15660705566406818	[M+H]+
8.83	-1.1190826416015511	[M-H]-
14.2	12.995919799804682	[M+Na]+
14.2	5.553936767578136	[M+H]+
14.2	-6.6286468505859375	[M-H]-
10.97	-6.925585937499989	[M+H]+
10.97	-9.567138671875	[M+Na]+
10.97	-11.14177856445312	[M-H]-
8.85	-0.7075958251953125	[M+H]+
8.85	-8.794143676757812	[M+Na]+
8.85	-1.3550598144531136	[M-H]-
9.98	-9.309173583984375	[M+H]+
9.98	-5.268792724609369	[M+Na]+
9.98	-7.6291351318359375	[M-H]-
8.56	0.12655029296874432	[M+Na]+
8.56	-2.683474731445301	[M+H]+
9.76	-3.0323120117187443	[M-H]-
10.38	0.24617919921874432	[M+H]+
7.934	2.3935913085937557	[M+Na]+
10.89	1.053497314453125	[M+Na]+
9.72	-1.7098571777343636	[M+Na]+
10.5	-3.5895568847656136	[M+H]+
10.0	2.0350219726562386	[M+Na]+
10.0	-7.878588867187489	[M+H]+
9.92	-1.3549011230468864	[M+Na]+
9.92	0.07426147460938637	[M-H]-
8.33	-3.0052246093750057	[M+Na]+
8.33	-0.9235382080078125	[M-H]-
10.5	-4.334054565429682	[M+Na]+
10.5	-3.9106628417968636	[M+H]+
9.97	3.4008117675781193	[M+H]+
9.97	-2.8999755859375114	[M+Na]+
9.97	1.2505310058593864	[M-H]-
10.3	2.543795776367176	[M+Na]+
11.164	-6.304312133789068	[M+H]+
11.164	-8.562869262695301	[M+Na]+
11.164	-1.9573303222656193	[M-H]-
10.38	-6.063787841796881	[M-H]-
10.4	-6.512957763671864	[M+H]+
10.4	-5.350878906249989	[M-H]-
10.47	7.030871582031239	[M+H]+
10.47	-0.09576721191405113	[M-H]-
9.98	4.334753417968756	[M+H]+
9.98	-6.069738769531256	[M+Na]+
9.98	-1.255859375	[M-H]-
9.98	-3.019735717773443	[M+H]+
9.98	-3.5370605468750114	[M+Na]+
9.98	5.137615966796886	[M-H]-
10.945	66.67583618164062	[M-H]-
10.08	-9.940948486328125	[M-H]-
9.49	-3.9533264160156136	[M-H]-
9.74	-3.3983032226562386	[M-H]-
10.19	1.1208354011718882	[M+H]+
10.76	-18.654541015625	[M-H]-
10.86	-2.60302734375	[M+Na]+
10.86	-2.1671386718749943	[M+H]+
10.63	8.03441772460937	[M+Na]+
10.63	8.294598388671886	[M+H]+
10.63	12.15942993164063	[M-H]-
10.5	-11.639298535937513	[M+Na]+
10.5	-11.43347978437501	[M+H]+
10.5	2.4293273925781307	[M-H]-
10.03	-2.8020202636718636	[M+H]+
10.03	-3.234375	[M+Na]+
10.03	-4.311779785156261	[M-H]-
9.914	-6.991156005859381	[M-H]-
10.27	0.05093688964842613	[M-H]-
8.63	-2.1498474121093807	[M+H]+
8.63	-5.240270996093756	[M+Na]+
9.914	-0.7443115234374886	[M+H]+
10.0	-4.20135498046875	[M+H]+
9.2	-1.1741271972656193	[M-H]-
10.99	1.9141845703125	[M+H]+
10.99	-0.2947998046875	[M+Na]+
10.5	-7.18597412109375	[M+H]+
10.5	-7.691046142578131	[M+Na]+
10.5	-11.999066162109386	[M-H]-
10.74	-0.14170227050780682	[M-H]-
9.61	-1.2412017822265682	[M+H]+
9.61	1.5531494140624886	[M-H]-
10.0	3.9251037597656193	[M+Na]+
10.0	-0.8753601074218693	[M+H]+
10.0	-9.02471923828125	[M-H]-
10.47	-10.754425048828125	[M+Na]+
10.47	-10.531750488281261	[M-H]-
10.39	-1.8189605712890682	[M+Na]+
10.39	-1.3147338867187557	[M-H]-
9.164	-3.2199645996093693	[M+H]+
9.164	-2.1633850097656193	[M+Na]+
9.164	-4.657800292968744	[M-H]-
10.0	-7.712261962890636	[M+Na]+
9.664	-13.423696899414068	[M+Na]+
9.94	-2.3456359863281193	[M-H]-
10.0	-7.379464721679682	[M+H]+
9.98	-5.954925537109375	[M+H]+
10.48	-0.5883270263671818	[M+H]+
10.48	-2.572845458984375	[M-H]-
10.89	-3.062600708007807	[M+Na]+
10.03	0.05831604003907387	[M-H]-
10.0	-7.16436767578125	[M+H]+
10.0	-20.848120117187506	[M+Na]+
9.98	7.177941894531244	[M+Na]+
9.98	58.369787597656256	[M-H]-
10.5	-11.921038818359364	[M+Na]+
10.5	-4.942022705078131	[M+H]+
10.5	-4.5901947021484375	[M-H]-
10.5	-1.1826904296875114	[M+H]+
10.5	-11.224145507812494	[M+Na]+
10.5	-4.243719482421881	[M-H]-
10.2	-12.838208007812511	[M+Na]+
10.2	-4.9298095703125	[M+H]+
9.97	-1.1575347900390511	[M+Na]+
9.97	-2.6581176757812557	[M+H]+
9.97	-3.052581787109375	[M-H]-
9.76	-1.6798461914062557	[M+Na]+
10.15	0.4900146484374943	[M+H]+
9.98	-4.2760162353515625	[M+H]+
10.445	-0.7140838623046761	[M+H]+
10.445	-2.2426940917968636	[M-H]-
9.99	2.429718017578125	[M+H]+
9.99	5.278558349609369	[M+Na]+
10.5	-0.7248291015625057	[M+H]+
10.5	-5.924163818359375	[M+Na]+
10.5	2.5068542480468636	[M-H]-
9.01	1.2451904296875114	[M-H]-
11.64	3.3601196289062614	[M-H]-
10.0	-1.7240722656250114	[M+H]+
10.0	4.114575195312511	[M+Na]+
10.0	-1.9214813232421761	[M-H]-
10.37	8.48932495117188	[M+Na]+
10.45	64.1007110595703	[M-H]-
9.914	3.8943908691406364	[M+H]+
10.555	6.208016967773432	[M+H]+
10.555	15.991131591796886	[M+Na]+
10.555	4.915985107421875	[M-H]-
9.945	-3.5096496582031307	[M+Na]+
9.945	-0.4047180175781193	[M+H]+
9.945	-4.468426513671886	[M-H]-
10.4	-3.5895507812500114	[M-H]-
10.664	-16.801660156249994	[M+Na]+
10.38	-4.919110107421886	[M+Na]+
10.38	-8.418792724609375	[M+H]+
10.38	-12.613690185546886	[M-H]-
9.98	-6.195587158203125	[M+H]+
9.98	0.35585327148436363	[M+Na]+
10.49	3.4577209472656136	[M+H]+
10.49	12.727185058593761	[M-H]-
9.99	67.84028930664061	[M+H]+
9.99	-1.6536315917968807	[M+Na]+
9.99	-4.782415771484381	[M-H]-
10.0	-7.561776733398432	[M+Na]+
10.0	-3.2104919433593864	[M-H]-
10.0	1.2752624511718693	[M+H]+
10.0	-3.840606689453125	[M+Na]+
10.0	1.4570861816406193	[M+H]+
10.0	-0.4046264648437443	[M-H]-
10.48	-2.002532958984375	[M+Na]+
10.48	-4.496795654296875	[M-H]-
10.33	-4.761383056640625	[M+Na]+
10.33	-11.42706909179688	[M-H]-
10.53	9.921966552734375	[M+Na]+
10.53	45.85094604492187	[M-H]-
10.22	-2.7731201171874886	[M+Na]+
10.22	-6.107427978515631	[M-H]-
9.63	6.225683593750006	[M+H]+
10.5	10.35289916992187	[M+Na]+
10.5	6.785528564453131	[M+H]+
10.414	-5.9326171875	[M+Na]+
10.414	-2.6721954345703125	[M-H]-
10.414	-5.740106201171869	[M+H]+
10.0	8.598977661132807	[M-H]-
10.5	-8.798440551757807	[M+Na]+
10.5	3.2868469238281364	[M+H]+
10.5	3.5889129638671875	[M-H]-
10.0	2.1344360351562557	[M+Na]+
10.0	0.6304138183593864	[M+H]+
10.445	0.8929870605468864	[M+Na]+
10.445	-2.8359619140624943	[M+H]+
10.445	1.6571533203124886	[M-H]-
12.25	3.7910232543945312	[M+H]+
9.914	-2.465786743164074	[M+H]+
12.555	3.090969848632824	[M+Na]+
12.555	6.038433837890636	[M+H]+
12.555	-27.727813720703125	[M-H]-
8.914	-2.86669921875	[M+Na]+
8.914	-1.0888824462890625	[M+H]+
10.81	-0.8304504394531307	[M+H]+
10.81	-0.12114257812498863	[M+Na]+
10.11	-17.879498291015636	[M-H]-
10.11	1.8387878417968864	[M+H]+
11.586	1.033233642578125	[M+H]+
10.58	-0.5263732910156307	[M+H]+
11.13	1.4194580078124943	[M-H]-
9.75	1.0927551269531364	[M-H]-
10.49	-3.1483947753906136	[M+H]+
10.49	-1.0505187988281364	[M+Na]+
10.0	-12.44653930664063	[M+Na]+
10.0	-3.1281066894531193	[M-H]-
10.5	7.997747802734381	[M+H]+
13.01	0.4251647949218693	[M+Na]+
13.01	0.5050109863281307	[M+H]+
46.06	-43.36490478515623	[M+Na]+
46.06	-51.1948303222656	[M-H]-
46.06	-44.82440185546875	[M+H]+
10.0	-12.743038940429699	[M+Na]+
10.42	0.09670104980469318	[M+H]+
10.0	-1.6953582763671875	[M+H]+
10.5	0.6797088623046932	[M+H]+
10.5	-0.1134490966796875	[M-H]-
11.75	0.860260009765625	[M+H]+
10.42	70.48375244140624	[M+H]+
10.42	-4.16400146484375	[M+Na]+
13.305	-51.68144531249999	[M-H]-
9.95	-4.150469970703114	[M+H]+
9.52	-1.0377319335937614	[M+H]+
9.52	-5.431057739257824	[M+Na]+
9.52	1.5655303955078068	[M-H]-
11.11	4.13763427734375	[M+Na]+
11.11	2.8741638183593636	[M-H]-
10.48	-1.7543518066406136	[M+H]+
10.48	-3.1134399414062557	[M-H]-
10.5	7.99462890625	[M-H]-
9.195	-1.5121582031250114	[M+Na]+
9.195	-12.557769775390625	[M+H]+
9.195	-1.0940490722656193	[M-H]-
10.42	-7.541284179687494	[M+H]+
10.42	2.105618286132824	[M+Na]+
10.42	-1.1834930419921932	[M-H]-
10.38	-9.925039672851568	[M-H]-
10.0	-2.7645721435546875	[M-H]-
9.945	-4.4713287353515625	[M-H]-
10.74	-13.016171264648449	[M+Na]+
10.74	9.841989135742182	[M-H]-
7.902	1.8728820800781136	[M+Na]+
7.902	-0.7781707763671761	[M+H]+
10.5	-1.47509765625	[M+H]+
10.5	-0.8612915039062443	[M+Na]+
10.5	-1.9057128906250114	[M-H]-
10.195	8.72826538085937	[M+H]+
10.42	64.95059204101562	[M-H]-
9.89	-6.681619262695307	[M+H]+
9.89	-1.8364440917968636	[M-H]-
12.92	0.8563018798828068	[M+H]+
14.42	5.138006591796881	[M+Na]+
17.75	5.089517211914057	[M+Na]+
17.75	-0.8812713623046875	[M+H]+
12.33	0.6806579589843693	[M+H]+
10.49	-15.675802612304693	[M+H]+
10.49	10.034222412109386	[M+Na]+
10.49	72.89603271484373	[M-H]-
10.77	-1.903472900390625	[M-H]-
9.94	-3.5248046874999943	[M+H]+
12.02	-8.68639526367187	[M+Na]+
12.02	-6.220797729492176	[M-H]-
11.63	-3.463497924804699	[M-H]-
10.2	5.430517578125006	[M+Na]+
10.195	-4.291775512695324	[M+Na]+
10.61	-1.50128173828125	[M+Na]+
10.19	-3.3321044921875114	[M+Na]+
9.95	2.749481201171875	[M+Na]+
10.76	5.482598876953119	[M+H]+
10.35	-0.347076416015625	[M+H]+
11.3	6.661312866210949	[M+H]+
6.63	1.4021179199218636	[M+H]+
10.0	6.038488769531256	[M+Na]+
10.195	6.099179077148449	[M+Na]+
10.36	1.7955200195312386	[M+Na]+
10.36	-0.4217529296875	[M-H]-
11.51	10.050869750976574	[M+Na]+
10.37	-0.4425506591796875	[M+Na]+
10.75	0.590118408203125	[M-H]-
9.63	-2.6792480468749886	[M-H]-
9.61	-7.023431396484369	[M+Na]+
9.61	0.0845794677734375	[M-H]-
10.5	0.13177490234375	[M+Na]+
10.5	-0.5102416992187386	[M+H]+
10.5	2.571014404296875	[M-H]-
13.22	-0.7277648925781364	[M+Na]+
13.22	3.7438232421874886	[M+H]+
10.0	4.3125457763671875	[M+Na]+
10.9	3.520162963867193	[M-H]-
10.35	-1.420928955078125	[M+H]+
10.4	50.01502685546876	[M+Na]+
10.4	-1.256988525390625	[M-H]-
13.02	3.892102050781247	[M+H]+
9.63	0.18467102050780682	[M+Na]+
9.63	-0.8338104248046818	[M-H]-
12.664	-1.09417724609375	[M+Na]+
12.664	-3.7547119140625114	[M+H]+
12.664	-23.84295654296875	[M-H]-
10.195	-3.892669677734375	[M+Na]+
10.87	-11.026660156249989	[M+Na]+
16.9	0.05485839843748863	[M-H]-
9.52	3.0298706054687443	[M+Na]+
9.75	4.227642822265636	[M+Na]+
10.805	-2.5144409179687557	[M+Na]+
9.87	3.141787719726551	[M-H]-
10.0	-11.932763671874994	[M+Na]+
10.4	1.8102874755859375	[M+Na]+
9.52	-8.30236206054687	[M+Na]+
9.52	0.107452392578125	[M-H]-
10.1	0.7843261718749943	[M-H]-
10.42	-7.488598632812511	[M+Na]+
10.42	56.50251159667968	[M-H]-
10.49	-3.5685180664062557	[M+H]+
23.27	-29.15367431640624	[M+Na]+
23.27	-46.3016357421875	[M-H]-
10.48	6.293063354492176	[M+Na]+
24.12	-30.61705322265624	[M+Na]+
24.12	-49.00520019531251	[M-H]-
10.08	5.522222900390631	[M+Na]+
10.37	8.780548095703125	[M+Na]+
10.88	3.5064514160156364	[M+Na]+
10.0	7.263116455078119	[M+Na]+
9.95	3.738189697265625	[M+H]+
10.33	1.7052978515625057	[M-H]-
10.11	5.498852539062511	[M+Na]+
9.95	5.393505859375011	[M+Na]+
11.586	-2.8671997070312614	[M+H]+
9.89	1.9450744628906307	[M+Na]+
11.4	-0.22947998046873863	[M-H]-
10.0	3.604489135742199	[M+H]+
10.0	5.550585937499989	[M+Na]+
10.8	0.8790008544921761	[M+H]+
10.8	-3.4124084472656193	[M-H]-
10.35	-3.2353088378906136	[M+H]+
10.35	1.5150817871093807	[M+Na]+
15.6	5.049542236328136	[M+Na]+
9.836	0.26036376953123863	[M+H]+
9.836	-2.2536773681640625	[M+Na]+
14.26	-2.6075897216796875	[M+Na]+
11.336	-0.261138916015625	[M+Na]+
10.38	-4.534857177734381	[M+Na]+
18.9	10.46966705322265	[M-H]-
18.4	-5.015177917480472	[M+H]+
18.4	12.368327331542972	[M-H]-
10.49	-5.060220336914057	[M+Na]+
10.49	-0.21979064941405113	[M+H]+
10.44	-1.078704833984375	[M+H]+
10.5	-7.734020996093761	[M-H]-
10.52	1.2328430175781193	[M+Na]+
10.5	-4.098358154296875	[M-H]-
10.5	-4.346624755859381	[M-H]-
9.83	4.426422119140625	[M+Na]+
12.445	1.6050811767578068	[M+H]+
12.445	-5.213830566406244	[M+Na]+
9.63	-1.9898925781249943	[M+Na]+
10.97	-12.220623779296886	[M+H]+
10.97	-12.06945190429687	[M+Na]+
10.97	-38.13910522460938	[M-H]-
12.76	-19.124642944335932	[M+Na]+
10.0	7.110205078125006	[M+Na]+
7.61	-0.18813171386719318	[M+Na]+
7.61	-1.4760223388671818	[M+H]+
8.6	70.29091186523436	[M+H]+
8.6	-1.4474670410156136	[M+Na]+
10.586	8.52569580078125	[M+H]+
10.586	-3.4852355957031307	[M-H]-
9.55	-0.7304138183593807	[M+Na]+
10.45	1.1104217529296818	[M+Na]+
9.055	-2.4327270507812386	[M+H]+
10.36	-9.536035156249994	[M+Na]+
10.36	-3.1926452636718636	[M+H]+
10.86	-13.813513183593756	[M+Na]+
10.86	2.929684448242199	[M-H]-
9.98	2.171670532226557	[M+Na]+
9.98	-0.5541961669921989	[M+H]+
10.195	2.529110717773449	[M+Na]+
10.17	4.305841064453119	[M+Na]+
10.5	-1.7211547851562443	[M-H]-
11.19	-9.509927368164057	[M-H]-
10.88	-3.1140808105468807	[M-H]-
13.77	17.453338623046875	[M-H]-
12.35	1.3407928466796761	[M-H]-
10.5	-10.079959106445301	[M+Na]+
10.5	4.104846191406239	[M+H]+
15.99	3.54351806640625	[M+Na]+
9.55	2.2463928222656193	[M+H]+
9.55	-1.57366943359375	[M-H]-
10.95	-14.793322753906239	[M+Na]+
10.95	-12.75536499023437	[M-H]-
10.94	-21.318252563476562	[M+Na]+
10.94	-7.768151855468744	[M+H]+
10.44	5.463287353515625	[M+Na]+
12.22	3.2889465332031307	[M-H]-
12.02	-10.586395263671875	[M+Na]+
12.02	-6.0207977294921875	[M-H]-
10.95	-2.9679016113281307	[M-H]-
10.14	-2.8294860839843636	[M-H]-
9.945	-2.404815673828125	[M-H]-
10.9	-3.2115112304687443	[M-H]-
10.55	8.898440551757801	[M+H]+
11.19	-3.3061096191406136	[M+Na]+
11.19	4.262969970703125	[M+H]+
11.19	-5.422521972656256	[M-H]-
9.97	-4.0213470458984375	[M+H]+
9.305	7.257672119140636	[M-H]-
8.7	3.8681152343750114	[M+H]+
8.7	-1.8107116699218864	[M+Na]+
10.164	-15.66461181640625	[M+Na]+
10.13	-1.7827301025390625	[M+H]+
10.13	0.8953430175781136	[M+Na]+
10.5	1.2076660156249943	[M+Na]+
10.5	2.5797973632812443	[M+H]+
10.3	13.49401245117187	[M-H]-
9.98	-20.983163452148432	[M+Na]+
9.98	-7.450158691406244	[M+H]+
9.695	-7.198095703125006	[M-H]-
10.0	-6.8885345458984375	[M+H]+
10.0	-5.608731079101574	[M+Na]+
11.02	11.114544677734386	[M-H]-
10.53	-2.239462280273443	[M+Na]+
10.53	-0.3651184082031307	[M-H]-
10.28	2.2939453125	[M+H]+
10.28	0.18909912109376137	[M+Na]+
9.76	-1.3931396484375114	[M-H]-
15.31	-27.481158447265614	[M+H]+
15.31	-27.712548828125023	[M+Na]+
10.49	16.765310668945318	[M-H]-
9.83	-0.13287963867188068	[M-H]-
10.47	0.859527587890625	[M+H]+
10.47	3.6905639648437614	[M+Na]+
10.74	3.997048950195307	[M+H]+
10.74	3.4832763671875	[M-H]-
9.87	-2.608425903320324	[M+Na]+
19.42	6.517315673828136	[M+Na]+
10.69	1.4274780273437386	[M-H]-
10.69	0.681610107421875	[M+H]+
10.28	1.9805114746093864	[M+Na]+
10.28	-1.1566040039062386	[M+H]+
10.28	3.0554687499999886	[M-H]-
10.38	1.9540954589843693	[M+Na]+
10.38	-3.0378845214843864	[M+H]+
14.02	8.233123779296875	[M+Na]+
14.02	0.4335388183593807	[M+H]+
9.89	-2.431466674804682	[M+H]+
11.25	-2.7468811035156193	[M+Na]+
10.51	-5.514184570312494	[M-H]-
9.95	3.5870605468749943	[M+Na]+
9.86	4.253662109375	[M+Na]+
9.86	-0.19528503417967613	[M+H]+
8.47	1.2822143554687386	[M-H]-
9.98	0.9143524169921875	[M+H]+
9.98	8.755627441406261	[M+Na]+
9.97	-1.0695434570312443	[M+Na]+
9.97	1.3700836181640739	[M+H]+
9.97	1.955718994140625	[M-H]-
9.15	4.137548828125006	[M+Na]+
9.88	-4.308340454101568	[M-H]-
11.99	-3.9146087646484347	[M+H]+
9.92	-1.4725372314453011	[M-H]-
10.33	3.539816284179693	[M-H]-
9.97	-3.6157684326171875	[M-H]-
10.01	1.0302246093750114	[M-H]-
19.4	3.155026245117199	[M+Na]+
11.08	-6.387301635742176	[M+Na]+
10.0	4.009783935546864	[M+Na]+
8.5	-0.04731445312501137	[M-H]-
7.707	1.7215118408203125	[M-H]-
10.03	-10.11053466796875	[M+Na]+
13.164	9.533184814453136	[M+Na]+
13.164	-0.0944366455078125	[M-H]-
10.0	-0.14251708984375	[M+Na]+
10.0	-1.5856109619140568	[M+H]+
9.67	3.2520019531249886	[M+Na]+
9.99	5.926211547851551	[M+H]+
11.37	1.2231262207031364	[M+Na]+
11.37	-2.9223510742187386	[M+H]+
11.37	-5.008706665039057	[M-H]-
9.98	0.13933105468748863	[M-H]-
9.98	9.74852905273437	[M+Na]+
11.44	0.8393371582031364	[M+Na]+
11.44	8.934326171875	[M+H]+
10.78	2.993222045898449	[M+Na]+
10.78	-10.179898071289074	[M-H]-
14.336	-1.7193664550781307	[M+Na]+
14.336	-12.704177856445312	[M+H]+
14.336	-6.113677978515625	[M-H]-
27.02	-6.936560058593756	[M+H]+
27.02	-8.986578369140602	[M-H]-
21.98	-1.1990081787109261	[M+H]+
21.98	2.9697998046875114	[M+Na]+
21.98	9.178915405273415	[M-H]-
27.97	-6.0682373046875	[M+H]+
27.97	-7.481951904296864	[M+Na]+
27.97	-7.732958984374989	[M-H]-
10.5	7.658105468749994	[M-H]-
10.5	5.153665161132807	[M-H]-
9.99	2.9764038085937443	[M+H]+
9.85	4.232293701171869	[M+Na]+
9.95	-0.3825622558593693	[M+H]+
9.95	1.3024383544921818	[M-H]-
10.67	0.7447143554687443	[M+Na]+
10.67	1.8934082031250057	[M+H]+
10.67	2.990237426757801	[M-H]-
10.836	-0.607269287109375	[M+Na]+
10.836	-8.895001220703136	[M-H]-
10.0	-0.6888458251953011	[M+H]+
10.0	-5.794891357421875	[M-H]-
10.01	2.607968139648449	[M+H]+
10.01	0.8310302734375057	[M-H]-
10.49	-1.4090820312499943	[M+H]+
10.49	0.5466430664062614	[M+Na]+
9.305	-1.8163330078124886	[M+H]+
9.305	3.397195434570307	[M-H]-
9.98	-6.822320556640619	[M+Na]+
9.98	-3.8770324707031136	[M+H]+
10.0	-0.7411401367187409	[M+H]+
10.0	-10.836997510546865	[M+Na]+
8.33	3.116159057617182	[M+Na]+
10.25	-14.468017578125	[M+Na]+
10.39	-5.766870117187494	[M+Na]+
10.39	-12.078524780273426	[M+H]+
10.9	-0.7403686523437614	[M+Na]+
10.9	7.7794952392578125	[M+H]+
10.945	2.1843688964843864	[M+Na]+
10.945	5.834558105468744	[M+H]+
8.78	-2.4518859863281364	[M+Na]+
8.78	0.5804016113281136	[M+H]+
8.78	0.10162353515625	[M-H]-
10.11	1.3429107666015625	[M+H]+
10.11	14.391079711914074	[M+Na]+
10.11	-4.244329833984381	[M-H]-
9.53	-4.931219482421881	[M+H]+
9.53	5.327783203124994	[M+Na]+
10.69	7.484017944335932	[M-H]-
9.914	-0.09252319335936932	[M+Na]+
9.914	-1.8300384521484432	[M+H]+
9.305	-2.699404907226551	[M+H]+
10.5	-3.8877075195312614	[M+H]+
10.5	-2.7922180175781364	[M+Na]+
10.5	5.1925201416015625	[M-H]-
10.05	-12.217465209960949	[M-H]-
10.8	3.1003906249999886	[M-H]-
10.836	-2.2311767578125057	[M+Na]+
10.836	-5.790228271484381	[M-H]-
11.03	68.98617553710938	[M+Na]+
11.03	8.646078491210943	[M-H]-
10.5	-27.641815185546875	[M+Na]+
10.45	1.4275024414062614	[M+Na]+
10.45	2.7904174804687614	[M+H]+
10.36	-4.467700195312489	[M-H]-
10.48	-0.23077392578125	[M+Na]+
9.45	4.358740234375006	[M-H]-
10.555	8.370587158203136	[M-H]-
10.42	-4.459707641601568	[M+H]+
10.42	-7.171136474609369	[M+Na]+
10.42	-8.789935302734364	[M-H]-
10.5	-7.618615722656244	[M-H]-
10.5	2.1969177246093636	[M+Na]+
10.5	-0.08342285156248863	[M+H]+
10.5	8.9359130859375	[M-H]-
10.305	-2.19744873046875	[M+Na]+
10.305	-10.548611450195324	[M-H]-
10.08	-0.21960144042969887	[M+H]+
10.08	-5.67926025390625	[M-H]-
10.5	8.823391723632824	[M+Na]+
10.5	-15.247021484375011	[M-H]-
9.695	-8.4427490234375	[M+Na]+
9.695	2.454495239257824	[M+H]+
9.695	-1.3783386230468864	[M-H]-
9.94	4.2676544189453125	[M+Na]+
9.94	-0.14162597656249432	[M+H]+
9.98	-0.451385498046875	[M+H]+
9.98	5.382989501953119	[M+Na]+
9.98	-6.097012329101574	[M-H]-
10.5	-6.664862060546881	[M-H]-
10.47	5.081439208984364	[M+Na]+
10.48	5.072857666015636	[M+Na]+
10.48	77.68931579589844	[M-H]-
10.48	-4.507330322265631	[M+H]+
9.63	2.284393310546875	[M-H]-
10.5	3.8001220703125114	[M+H]+
10.5	5.111734008789057	[M+Na]+
9.74	1.781402587890625	[M+H]+
10.5	-15.863549804687494	[M+H]+
10.5	-4.924517822265614	[M-H]-
10.8	-5.340014648437489	[M-H]-
10.3	1.4623535156250114	[M+Na]+
10.3	-12.293759155273449	[M-H]-
10.49	5.9329986572265625	[M+H]+
10.39	-1.2643829345703068	[M-H]-
10.5	-2.904510498046875	[M+Na]+
10.5	-0.0619049072265625	[M+H]+
9.24	-1.2494445800781193	[M+H]+
9.24	0.6162261962890625	[M+Na]+
9.24	3.251321411132807	[M-H]-
10.2	-8.98444213867188	[M+Na]+
10.2	-0.5529327392578125	[M+H]+
10.28	-8.295150756835938	[M-H]-
10.42	6.672033691406256	[M-H]-
9.13	-3.5269897460937614	[M+H]+
9.13	-2.3567932128906364	[M-H]-
10.11	-0.297454833984375	[M+H]+
9.45	-5.514138793945307	[M+Na]+
9.45	-0.8004943847656136	[M+H]+
10.5	-17.74760742187499	[M+Na]+
12.06	4.761553955078114	[M+Na]+
10.49	-1.2699218749999943	[M+H]+
10.49	6.224652099609386	[M+Na]+
10.49	-2.5782043457031136	[M-H]-
12.52	-1.4429199218749886	[M+Na]+
12.52	-4.245388793945324	[M-H]-
10.42	-3.508920288085932	[M+Na]+
10.42	4.903295898437506	[M+H]+
10.42	81.7701416015625	[M-H]-
9.95	-3.9378601074218693	[M+Na]+
9.95	-1.0526916503906136	[M+H]+
9.95	1.5652313232421875	[M-H]-
9.94	-0.44457702636719887	[M+H]+
9.94	-0.549652099609375	[M-H]-
15.88	-5.517178344726574	[M+H]+
15.88	-8.14557495117188	[M+Na]+
15.88	1.52349853515625	[M-H]-
9.87	2.839996337890625	[M+Na]+
9.87	-4.617767333984375	[M+H]+
10.35	-2.418701171875	[M+Na]+
10.35	-1.3717590332031193	[M+H]+
10.5	3.0924499511718864	[M-H]-
10.05	-2.489288330078125	[M-H]-
9.31	0.0428619384765625	[M-H]-
61.03	-76.17178955078123	[M+Na]+
61.03	-114.73282470703123	[M-H]-
9.7	0.32543640136719887	[M+H]+
9.7	-4.668841552734364	[M+Na]+
9.7	3.5512634277343693	[M-H]-
10.13	-2.52447509765625	[M-H]-
10.48	-6.054162597656244	[M-H]-
10.45	2.112030029296875	[M+Na]+
10.45	-1.9128967285156193	[M+H]+
10.45	-5.357553100585932	[M-H]-
10.0	-10.033361816406256	[M+H]+
10.0	-0.5192932128906307	[M+Na]+
10.0	-2.241329956054699	[M-H]-
10.89	-11.555584716796886	[M+Na]+
9.86	-7.046539306640625	[M+Na]+
9.86	1.0203369140625114	[M-H]-
10.5	-32.01807861328126	[M+Na]+
10.5	-19.000518798828125	[M-H]-
10.36	3.8920837402343693	[M+Na]+
10.36	8.406262207031261	[M+H]+
10.414	2.9862548828124886	[M-H]-
9.38	-3.6138732910156364	[M+Na]+
11.53	2.5229995727539176	[M+H]+
10.0	-7.202722167968744	[M+H]+
10.0	0.24992065429688637	[M+Na]+
9.5	-2.0631286621093636	[M+Na]+
9.5	-2.6243103027343864	[M-H]-
9.95	-7.909680175781261	[M+Na]+
9.95	1.5465179443359318	[M+H]+
9.95	-3.7696655273437614	[M-H]-
10.0	-1.674285888671875	[M+H]+
10.0	8.339996337890625	[M-H]-
10.13	-0.38323974609375	[M+H]+
10.13	-6.479949951171875	[M+Na]+
10.42	1.83197021484375	[M+Na]+
10.42	0.30397338867186363	[M+H]+
10.53	-3.3951049804687443	[M+H]+
10.4	-1.6252166748046761	[M-H]-
10.22	-2.634677124023426	[M-H]-
11.88	-0.3985809326171932	[M+Na]+
10.73	-23.058007812499994	[M-H]-
10.414	1.4029510498046989	[M+H]+
10.414	-2.917877197265625	[M+Na]+
10.26	0.48375244140623863	[M-H]-
10.47	-9.264273071289068	[M+Na]+
17.23	21.92341308593751	[M+Na]+
17.23	5.416528320312494	[M+H]+
9.914	2.8436706542968864	[M+Na]+
10.945	0.4409027099609375	[M+Na]+
10.945	-5.535638427734369	[M-H]-
11.1	-6.584283447265619	[M-H]-
10.48	6.689404296875011	[M+Na]+
10.48	4.156866455078131	[M+H]+
9.74	1.6354858398437386	[M-H]-
10.055	-4.211254882812511	[M-H]-
10.22	-4.227877807617176	[M-H]-
9.02	3.7654357910156193	[M-H]-
11.08	-1.1935607910156136	[M+Na]+
11.08	-0.8127655029296932	[M+H]+
11.08	6.055450439453125	[M-H]-
9.78	0.5730987548828068	[M+H]+
10.5	12.233551025390625	[M+H]+
10.5	7.947442626953119	[M+Na]+
10.5	11.584094238281239	[M-H]-
17.69	22.910264587402338	[M-H]-
11.24	36.667193603515614	[M+Na]+
11.24	-8.075338745117193	[M-H]-
8.72	1.920684814453125	[M-H]-
10.4	-3.035043334960932	[M-H]-
16.7	18.811030578613284	[M-H]-
9.914	5.294177246093739	[M+H]+
9.914	-3.6840942382812614	[M+Na]+
9.95	2.791534423828125	[M+Na]+
13.01	0.46876831054686363	[M+H]+
13.01	1.1095214843749943	[M+Na]+
10.2	-1.8648315429687443	[M+H]+
10.2	1.0866577148437386	[M+Na]+
10.2	-10.172650146484386	[M-H]-
10.19	-0.9671569824218693	[M+H]+
10.13	3.458364868164068	[M+Na]+
10.13	-2.755313110351551	[M+H]+
10.13	2.113864135742176	[M-H]-
10.06	-3.0770446777343636	[M+H]+
10.06	2.533078002929699	[M+Na]+
10.06	1.8013427734375114	[M-H]-
10.0	-3.3845581054687557	[M+H]+
10.0	2.6417480468749943	[M+Na]+
10.0	0.8992126464843864	[M-H]-
10.0	-3.5639465332031364	[M+H]+
10.0	1.9250854492187557	[M+Na]+
10.0	1.3814605712890682	[M-H]-
10.0	2.1322387695312557	[M+Na]+
10.0	-2.829409790039051	[M+H]+
10.0	3.6176940917968636	[M-H]-
10.695	-1.79888916015625	[M+Na]+
10.695	0.0753173828125	[M+H]+
10.695	-0.33186645507811363	[M-H]-
12.586	-3.4725585937499943	[M+Na]+
10.414	-5.5035247802734375	[M+H]+
10.414	-9.027636718749989	[M+Na]+
9.85	-4.123696899414057	[M+H]+
9.85	-12.638623046875011	[M+Na]+
9.55	2.4467010498046875	[M-H]-
9.89	2.3156372070312443	[M+H]+
9.89	1.7239440917968807	[M+Na]+
9.89	1.5304046630859318	[M-H]-
12.664	24.09955749511721	[M+H]+
12.664	5.468682861328119	[M+Na]+
9.69	2.8540725708007812	[M-H]-
9.58	8.702069091796886	[M-H]-
9.305	-3.231741333007818	[M-H]-
9.305	-1.6586181640624886	[M+H]+
9.15	-2.593737792968753	[M+H]+
9.98	-3.6849731445312557	[M+Na]+
9.98	-3.3092163085937614	[M+H]+
9.98	62.64445495605469	[M-H]-
10.5	-1.3333374023437443	[M+Na]+
10.5	-11.354516601562494	[M+H]+
10.0	3.9795410156249886	[M+H]+
10.0	-0.5986877441406193	[M+Na]+
10.0	-7.569775390625011	[M-H]-
10.336	-11.84984741210937	[M+H]+
10.336	-3.3630859374999886	[M-H]-
10.664	-8.409320068359364	[M+Na]+
10.664	-4.969030761718756	[M+H]+
10.664	3.3410583496093693	[M-H]-
10.62	2.6327453613281193	[M-H]-
10.44	-7.095645141601551	[M+H]+
10.44	-12.48279418945313	[M+Na]+
9.586	0.252593994140625	[M+Na]+
9.586	-0.5707214355468864	[M+H]+
60.94	-26.212182617187523	[M+Na]+
60.94	-52.57772216796877	[M-H]-
12.62	3.2896545410156364	[M+Na]+
12.62	3.1541809082031307	[M+H]+
10.26	-6.705767822265614	[M-H]-
10.65	1.4390808105468693	[M+Na]+
10.42	0.5290405273437386	[M+Na]+
10.42	-5.281506347656261	[M-H]-
10.35	-3.3176422119140625	[M-H]-
10.64	6.915142822265622	[M-H]-
10.76	-2.5124999999999886	[M+H]+
9.76	2.0978332519531193	[M+H]+
9.76	1.42608642578125	[M-H]-
10.5	-0.6214813232421932	[M-H]-
10.5	-5.203546142578119	[M+H]+
9.98	-0.04709167480467613	[M-H]-
9.55	-1.0342346191406193	[M-H]-
9.35	-2.9347686767578125	[M+H]+
9.35	3.7955688476562557	[M-H]-
9.0	-0.044647216796875	[M+H]+
9.0	-7.236071777343739	[M+Na]+
9.0	-0.054528808593744316	[M-H]-
10.02	-3.8637191772460966	[M+H]+
9.99	2.0273376464843693	[M+Na]+
9.99	1.6875762939453125	[M+H]+
9.99	-1.0531860351562443	[M-H]-
10.49	-1.7691162109375114	[M+Na]+
10.49	-5.1217041015625	[M-H]-
10.47	4.068676757812511	[M+Na]+
10.47	2.501858520507824	[M+H]+
10.5	-7.317047119140625	[M+Na]+
10.01	0.1778564453125	[M+H]+
10.01	2.087008666992176	[M-H]-
10.5	-34.46019897460937	[M+H]+
10.5	-25.386245727539062	[M-H]-
9.65	0.36777954101563637	[M+H]+
9.65	-1.8461944580078011	[M+Na]+
10.45	0.7499664306640739	[M+Na]+
10.45	-1.0195190429687386	[M+H]+
10.445	-2.5784973144531307	[M+H]+
10.445	0.68841552734375	[M+Na]+
10.38	-3.7546142578125057	[M+H]+
10.38	-0.6058776855468864	[M+Na]+
10.38	0.7765716552734432	[M-H]-
9.95	-1.4402801513671761	[M+Na]+
9.39	-5.519244384765614	[M+Na]+
9.39	-5.725918579101574	[M+H]+
10.5	3.3064453124999886	[M+Na]+
10.5	-8.110183715820312	[M-H]-
10.5	-18.093713378906244	[M+Na]+
10.42	-2.8777526855468807	[M+Na]+
10.42	68.18535461425782	[M+H]+
9.98	6.252740478515619	[M+H]+
9.98	-6.402902221679682	[M+Na]+
10.0	-3.0814270019531307	[M-H]-
9.89	8.559851074218756	[M+H]+
9.89	-8.951220703124989	[M+Na]+
10.0	0.4943298339843807	[M-H]-
9.85	-3.9857849121093807	[M+H]+
10.05	4.940756225585943	[M+H]+
9.74	-0.9143218994140625	[M+H]+
9.74	-7.666186523437489	[M+Na]+
9.086	4.203576660156244	[M-H]-
10.086	8.571646118164068	[M+H]+
10.086	565.2797576904297	[M-H]-
12.02	-9.18639526367187	[M+Na]+
12.02	-5.720797729492176	[M-H]-
11.19	2.297506713867193	[M-H]-
10.17	2.3240966796875	[M-H]-
10.336	0.15983886718748863	[M-H]-
9.86	-1.5023254394531307	[M-H]-
10.78	-3.5243103027343636	[M-H]-
18.4	22.328764343261724	[M-H]-
15.336	7.2811381355468825	[M-H]-
10.65	10.738510131835938	[M-H]-
10.0	-7.677880859374994	[M+H]+
10.0	-5.935629272460943	[M+Na]+
10.45	0.5571960449218807	[M+Na]+
10.45	0.9536193847656307	[M+H]+
10.45	-2.047921752929682	[M-H]-
10.49	-13.418603515624994	[M+Na]+
8.61	2.9708679199218864	[M-H]-
10.51	10.45685424804688	[M-H]-
13.83	-3.7368286132812614	[M+Na]+
13.72	0.43352050781248863	[M+Na]+
11.586	8.750317382812497	[M-H]-
12.17	4.219244384765631	[M-H]-
10.83	0.32662200927734375	[M+H]+
9.94	-2.9074218750000114	[M+H]+
12.74	0.756561279296875	[M+Na]+
10.49	3.537600708007801	[M+Na]+
10.19	-2.1398193359374886	[M+Na]+
10.49	-0.38876037597657387	[M+H]+
9.195	0.672271728515625	[M+H]+
9.195	-0.19915161132811932	[M+Na]+
9.195	6.434814453125	[M-H]-
10.5	-1.3125549316406193	[M+H]+
10.26	2.9674255371093636	[M+Na]+
10.26	4.412789916992182	[M+H]+
10.26	1.4325134277343636	[M-H]-
10.36	-1.7398742675781307	[M+H]+
10.36	5.146874999999994	[M-H]-
7.043	-0.2599548339843807	[M+Na]+
7.043	-0.011010742187494316	[M+H]+
7.043	1.1181121826171818	[M-H]-
14.445	53.44144744873046	[M-H]-
10.5	-8.419412231445307	[M+H]+
10.5	-6.148245239257818	[M+Na]+
9.74	-2.5463378906250114	[M+H]+
9.74	-1.4349426269531307	[M+Na]+
10.24	1.1887939453125114	[M+H]+
9.5	-6.050158691406239	[M+Na]+
10.44	-10.36981811523438	[M+Na]+
10.44	-6.519390869140636	[M+H]+
12.33	17.259252929687506	[M+Na]+
12.33	4.225701904296869	[M+H]+
14.19	-0.34274444580077557	[M+H]+
10.11	-1.3410308837890739	[M+H]+
9.89	2.5072021484375	[M+H]+
9.89	1.2856079101562443	[M+Na]+
10.28	-7.572308349609386	[M+Na]+
10.28	-4.7968342765624925	[M+H]+
10.48	-17.805270385742176	[M-H]-
13.586	101.97475891113282	[M+H]+
9.55	-0.8105255126953068	[M+H]+
16.4	4.882711791992193	[M+Na]+
10.15	0.5881225585937386	[M+H]+
10.15	1.0012145996093693	[M-H]-
9.37	-2.640463256835943	[M+Na]+
12.08	48.93440246582031	[M+Na]+
9.94	-2.2462402343749943	[M+Na]+
9.94	-1.1308105468750114	[M-H]-
10.42	-6.525799560546886	[M+Na]+
10.0	-7.110928344726574	[M+Na]+
10.0	2.370211791992176	[M-H]-
11.11	0.535064697265625	[M+Na]+
11.11	6.542977905273432	[M-H]-
9.56	-3.282034301757818	[M-H]-
9.83	5.6484527587890625	[M-H]-
10.03	-3.8415374755859375	[M-H]-
13.51	-23.836151123046875	[M+Na]+
13.51	-17.383160400390636	[M-H]-
10.086	1.7249389648437443	[M-H]-
10.19	0.9628158569335881	[M+H]+
10.03	-4.010205078125011	[M-H]-
8.78	-4.373498535156244	[M-H]-
9.914	-10.183825683593739	[M+H]+
9.914	-1.3250854492187614	[M+Na]+
9.914	3.431918334960926	[M-H]-
9.33	1.1812835693359318	[M+H]+
8.5	2.2305068969726562	[M-H]-
9.36	-1.4629638671875114	[M-H]-
9.695	0.3569885253906193	[M+Na]+
9.695	-3.9923767089843807	[M+H]+
10.0	-1.5789276123046818	[M+Na]+
10.0	-20.63622436523437	[M-H]-
9.95	-10.365502929687494	[M-H]-
9.45	-6.88714599609375	[M+Na]+
9.45	2.9300598144531307	[M+H]+
11.055	-2.599551391601551	[M-H]-
10.945	2.1045959472656364	[M+Na]+
10.945	-0.45991210937501137	[M+H]+
10.945	-2.0867797851562386	[M-H]-
12.05	1.6748626708984489	[M+H]+
9.87	-0.7289550781250114	[M+H]+
9.15	1.4078796386718864	[M+Na]+
9.15	-4.7630615234375	[M-H]-
10.51	10.519641113281239	[M+Na]+
10.51	-1.6386962890624943	[M+H]+
10.51	11.043936157226568	[M-H]-
10.0	4.521899414062489	[M+H]+
10.0	1.3489440917968807	[M-H]-
10.5	3.0553710937500114	[M+H]+
10.5	5.944140624999989	[M+Na]+
10.5	-9.846722412109386	[M-H]-
10.445	7.064794921875006	[M+H]+
10.445	3.4189392089843693	[M+Na]+
10.445	-4.43060302734375	[M-H]-
11.14	1.2765747070312443	[M+Na]+
11.14	1.7541992187499886	[M+H]+
11.14	4.317602539062506	[M-H]-
11.14	-7.661279296874994	[M+Na]+
11.14	-1.7758636474609375	[M+H]+
11.14	10.121081542968739	[M-H]-
10.5	3.5295349121093693	[M+H]+
10.5	4.186273193359369	[M+Na]+
10.5	-5.598620605468739	[M-H]-
10.47	-1.0823822021484375	[M+H]+
10.47	-7.529519653320307	[M+Na]+
10.47	9.194479370117193	[M-H]-
9.89	5.104394531249994	[M+Na]+
9.89	-2.9227722167968864	[M-H]-
10.0	-2.591036987304676	[M+Na]+
9.086	-3.5135131835937443	[M+Na]+
9.086	2.6249206542968864	[M-H]-
9.55	-5.405484008789074	[M-H]-
10.35	1.1002136230468693	[M+H]+
10.35	-1.8954528808593807	[M+Na]+
13.33	-1.0696533203125114	[M+Na]+
9.87	5.939578247070301	[M+Na]+
9.87	-4.384255981445307	[M-H]-
9.086	-0.8095550537109375	[M-H]-
9.11	-1.3033203125000057	[M-H]-
9.35	-5.088348388671875	[M-H]-
11.695	2.3107055664062557	[M-H]-
9.305	0.9575744628906193	[M+H]+
9.305	-0.11004028320311932	[M-H]-
10.25	-1.8422912597656307	[M-H]-
9.95	-8.234600830078136	[M+H]+
9.95	0.23746337890625568	[M+Na]+
9.95	-8.628436279296864	[M-H]-
10.4	4.318988037109364	[M+H]+
9.83	-5.8549041748046875	[M+Na]+
9.72	-11.700537109375006	[M+Na]+
9.805	-4.616241455078125	[M+Na]+
9.01	2.7019287109374943	[M+Na]+
9.01	1.3025634765625114	[M-H]-
9.01	1.7593566894531136	[M+H]+
8.64	0.7021667480468636	[M+H]+
8.94	1.6432617187500114	[M-H]-
9.63	-2.1939819335937614	[M+Na]+
9.63	-1.2776428222656193	[M-H]-
9.39	2.879019165039068	[M-H]-
8.58	0.8270385742187614	[M+Na]+
8.42	0.4812683105468807	[M+Na]+
8.42	0.378143310546875	[M-H]-
9.5	-2.922158813476557	[M-H]-
9.37	-0.8937866210937386	[M-H]-
9.76	-2.5936096191406364	[M-H]-
8.695	-1.9316650390624943	[M+H]+
8.695	2.877383422851551	[M-H]-
9.58	-1.7797119140624886	[M+H]+
9.58	-1.8402923583984432	[M-H]-
8.78	-0.08109741210938637	[M-H]-
10.02	2.1621643066406193	[M-H]-
10.51	-3.1819274902343864	[M+H]+
8.836	3.8293273925781364	[M+Na]+
8.836	1.4886535644531307	[M-H]-
8.836	2.418130493164057	[M+H]+
8.39	4.077349853515614	[M+Na]+
8.39	1.6192626953125	[M-H]-
8.39	1.4110870361328125	[M+H]+
9.6	-4.464712524414068	[M+H]+
10.1	6.7592315673828125	[M+H]+
10.1	-2.762271118164051	[M-H]-
9.98	-0.6049621582031364	[M+Na]+
9.98	71.2650115966797	[M-H]-
9.4	-15.465649414062511	[M+Na]+
11.195	-2.0553955078125057	[M+H]+
10.0	3.8577880859375	[M-H]-
10.0	0.21362915039063068	[M+H]+
10.75	15.68743896484375	[M+Na]+
10.75	-3.993499755859375	[M-H]-
10.69	6.559017944335949	[M-H]-
10.69	3.4057067871093807	[M+H]+
10.88	1.1059753417968636	[M+H]+
10.88	0.23959960937500568	[M-H]-
10.06	7.599841308593739	[M+Na]+
10.06	2.0990966796875057	[M+H]+
10.47	3.4770080566406136	[M+Na]+
10.47	-0.8656005859375	[M+H]+
10.5	-0.8191192626953239	[M+H]+
10.5	4.759814453124989	[M-H]-
9.15	-12.962145996093739	[M+Na]+
9.86	7.495977783203131	[M+H]+
9.86	-6.018609619140619	[M+Na]+
12.97	65.05946197509766	[M+H]+
10.76	-8.578112792968739	[M+H]+
9.63	-13.222430419921878	[M+Na]+
10.664	6.012689208984369	[M+H]+
10.664	-4.839031982421886	[M+Na]+
10.695	9.858651733398432	[M+H]+
10.695	-9.434817504882801	[M+Na]+
9.945	3.6834594726562386	[M+H]+
10.86	-8.955096435546878	[M+H]+
10.77	-7.628393554687506	[M+Na]+
10.0	1.8028015136718807	[M+H]+
10.0	7.767611694335926	[M+Na]+
9.94	-8.348986816406239	[M+Na]+
9.94	3.315408325195307	[M+H]+
11.62	-9.358959960937511	[M+H]+
10.055	1.5630310058593864	[M+H]+
10.055	-8.144744873046875	[M-H]-
10.0	-3.5998291015625057	[M+Na]+
10.0	-3.2135559082031193	[M+H]+
9.89	-4.834829711914068	[M-H]-
10.164	0.11737670898438068	[M-H]-
9.8	-0.05010986328125	[M+Na]+
9.8	-0.0067138671875	[M+H]+
9.836	-2.650674438476557	[M+Na]+
9.836	1.8939300537109318	[M-H]-
10.02	-3.1385498046875	[M+H]+
10.02	-1.4104644775390511	[M+Na]+
10.02	2.170074462890625	[M-H]-
10.22	3.3114746093750114	[M+Na]+
10.22	-1.1708801269531364	[M+H]+
10.22	3.6448303222656193	[M-H]-
7.914	2.0850769042968693	[M-H]-
8.38	-3.663613891601557	[M+H]+
10.23	-1.9554077148437443	[M+H]+
6.414	-2.535006713867176	[M-H]-
10.86	-3.80908203125	[M+H]+
6.445	-0.18062133789061363	[M+Na]+
6.445	1.5484619140625	[M-H]-
9.61	-0.6224548339843636	[M+H]+
7.434	1.7500122070312614	[M+Na]+
10.99	-6.364849853515636	[M+H]+
10.99	-4.953723144531239	[M+Na]+
10.99	-7.183065795898443	[M-H]-
9.94	-2.464749145507824	[M+Na]+
10.89	-11.803387451171886	[M+Na]+
9.81	0.5967529296875114	[M+Na]+
9.81	-2.979940795898443	[M+H]+
9.81	7.715112304687494	[M-H]-
12.055	4.693794250488281	[M+H]+
8.94	-7.56146240234375	[M+H]+
13.73	32.89020385742188	[M-H]-
10.24	3.0790206909179716	[M+H]+
10.5	2.423428344726574	[M+H]+
10.5	-1.2890594482421989	[M+Na]+
10.5	3.7340270996093636	[M-H]-
10.695	-2.1876342773437614	[M+Na]+
10.19	4.988335706347655	[M+H]+
10.555	-3.673614501953125	[M+H]+
10.31	-4.984759521484364	[M-H]-
10.37	-3.398867797851551	[M-H]-
10.48	1.143280029296875	[M+Na]+
9.25	-9.107202148437494	[M+H]+
11.75	5.575201416015631	[M+H]+
11.75	6.415090942382818	[M-H]-
10.52	-4.51171875	[M-H]-
11.01	-0.08662109375001137	[M+Na]+
10.5	4.057977294921869	[M+Na]+
10.5	-4.760812377929682	[M+H]+
10.5	-3.5112854003906193	[M-H]-
6.89	-4.050366210937511	[M+Na]+
6.89	-0.8288055419921818	[M+H]+
10.76	-1.7638656616210966	[M+H]+
8.914	-0.898345947265625	[M+H]+
8.76	-2.665802001953125	[M+H]+
10.336	-10.257412719726574	[M-H]-
9.9	-2.472348022460949	[M-H]-
10.0	-10.9375	[M-H]-
10.38	-0.6158203125000057	[M+H]+
10.3	-2.575381469726551	[M+H]+
10.3	-7.962213134765619	[M+Na]+
10.3	-3.208474731445307	[M-H]-
10.5	8.549291992187506	[M-H]-
9.17	-4.627703857421864	[M+H]+
9.4	-7.829565429687506	[M+H]+
9.74	-0.07750549316406818	[M-H]-
9.74	-2.088375854492199	[M+H]+
9.74	-4.133721923828119	[M+H]+
10.0	-1.6087890624999943	[M+H]+
10.0	-8.101864624023449	[M-H]-
7.78	-5.054534912109375	[M+Na]+
9.914	-5.781658935546886	[M+H]+
9.914	-2.2080261230468636	[M-H]-
9.53	6.287840270996099	[M-H]-
9.914	3.6603759765625057	[M+H]+
9.914	3.5712768554687386	[M-H]-
10.44	2.758792114257801	[M-H]-
11.03	9.718731689453136	[M-H]-
9.95	-5.708258056640631	[M+Na]+
10.45	3.1959228515625	[M-H]-
10.45	-2.2915222167968636	[M+H]+
10.69	-10.665051269531261	[M+Na]+
10.69	4.109002685546869	[M-H]-
10.87	-3.2034057617187557	[M+Na]+
10.87	8.521148681640625	[M+H]+
9.85	2.0211029052734375	[M-H]-
9.89	3.1884002685546875	[M+Na]+
9.89	-3.996978759765625	[M-H]-
9.58	-3.8051269531250114	[M-H]-
9.47	3.4952331542968693	[M-H]-
12.945	-0.4181304931640568	[M-H]-
10.17	2.520510864257801	[M-H]-
10.47	1.7380340576171989	[M-H]-
10.2	-9.941253662109375	[M+Na]+
10.2	2.1571716308593807	[M+H]+
10.2	2.032504272460926	[M-H]-
9.85	-0.480804443359375	[M-H]-
15.58	4.161764526367193	[M+Na]+
15.58	1.8265930175781193	[M+H]+
9.02	-1.4892150878906136	[M+Na]+
9.02	74.0075927734375	[M+H]+
10.56	-6.593035888671864	[M-H]-
11.49	-12.770483398437506	[M+Na]+
11.49	-24.826092529296886	[M-H]-
10.42	-3.412283325195318	[M-H]-
9.87	-1.8067382812500057	[M+Na]+
11.164	-3.0028930664062443	[M+Na]+
9.36	-0.11557617187500568	[M+H]+
9.36	0.236358642578125	[M+Na]+
9.36	-2.7284973144531364	[M-H]-
8.305	-0.9375396728515568	[M+Na]+
8.305	-0.5218566894531307	[M+H]+
10.336	-0.5782989501953182	[M+H]+
10.336	-0.2908874511718693	[M+Na]+
10.336	2.27606201171875	[M-H]-
10.0	-0.7781799316406364	[M+H]+
10.0	-3.188232421875	[M+Na]+
9.98	-1.3096252441406193	[M+Na]+
10.47	-5.940863037109381	[M-H]-
9.63	-1.7405151367187557	[M+Na]+
9.63	-0.05207519531251137	[M-H]-
11.69	0.4612930297851534	[M-H]-
10.5	-5.259747314453136	[M+Na]+
10.5	-12.55974731445312	[M-H]-
10.33	1.561676025390625	[M+H]+
10.33	8.12372436523438	[M+Na]+
10.47	-10.142529296875011	[M+Na]+
10.47	-3.5933776855468693	[M+H]+
10.47	-6.938619995117193	[M-H]-
10.5	-1.8316711425781307	[M+H]+
10.5	-8.152099609375	[M+Na]+
10.5	4.9736328125	[M-H]-
8.67	0.34750671386717613	[M+H]+
9.98	3.1784729003906307	[M+H]+
9.98	-9.912030029296886	[M-H]-
10.336	-4.134356689453114	[M+H]+
10.336	-6.042346191406239	[M+Na]+
10.336	-2.6757080078124886	[M-H]-
10.0	0.20189208984373863	[M+H]+
10.0	-4.522967529296864	[M+Na]+
10.414	0.7019226074218636	[M+H]+
9.48	-1.7659820556640682	[M+H]+
9.48	2.1904724121093864	[M+Na]+
9.48	1.6406433105468636	[M-H]-
10.5	-2.2353332519531364	[M-H]-
10.0	2.6000915527343693	[M+Na]+
10.0	-0.38356323242186363	[M+H]+
10.69	-0.7415496826171761	[M+H]+
10.69	-3.6776580810546875	[M+Na]+
10.69	-1.7717468261718636	[M-H]-
11.6	-1.0347381591796818	[M-H]-
11.586	-11.889871215820307	[M-H]-
10.7	-23.478125000000006	[M+H]+
10.7	-21.450106811523426	[M+Na]+
10.56	-15.792028808593756	[M+Na]+
11.38	-4.553717041015631	[M+Na]+
11.81	8.445141601562511	[M+Na]+
10.0	-18.406274414062494	[M+H]+
10.0	-14.085369873046886	[M+Na]+
14.38	5.2837982177734375	[M-H]-
15.8	14.978067016601557	[M-H]-
13.64	77.89318237304687	[M-H]-
13.45	71.5722900390625	[M-H]-
14.36	13.418908691406244	[M-H]-
14.945	13.803381347656256	[M-H]-
17.2	16.745764160156256	[M-H]-
10.03	-2.5464904785156364	[M+H]+
10.03	-1.8057800292968693	[M+Na]+
10.03	-2.3478210449218864	[M-H]-
9.22	4.616497802734386	[M+H]+
9.22	3.9024597167968693	[M-H]-
10.0	-0.8020507812499886	[M+H]+
10.0	2.1437744140625057	[M-H]-
10.49	4.142016601562489	[M+Na]+
10.49	4.65234375	[M+H]+
10.49	7.370233154296869	[M-H]-
10.38	1.0064117431640511	[M+Na]+
10.38	-3.0234436035156307	[M+H]+
10.38	-9.044155883789074	[M-H]-
12.836	-11.208782958984386	[M+Na]+
12.836	-14.11041870117188	[M+H]+
12.836	-6.779998779296875	[M-H]-
10.47	-5.111114501953125	[M+Na]+
10.47	-1.8632934570312614	[M+H]+
10.3	8.914050292968739	[M+Na]+
10.3	9.617279052734375	[M+H]+
10.48	-6.206579589843756	[M+H]+
10.48	-3.4336608886718807	[M-H]-
10.35	4.3160552978515625	[M+H]+
10.35	5.060034179687506	[M+Na]+
10.35	3.4554626464843636	[M-H]-
10.48	1.0550170898437443	[M+H]+
10.48	1.0404602050781193	[M+Na]+
10.48	0.20261230468750568	[M-H]-
10.0	-6.959320068359375	[M+Na]+
10.39	4.541784667968756	[M+Na]+
10.39	2.8004699707031193	[M+H]+
10.39	1.9887939453124943	[M-H]-
11.05	9.265478515625006	[M+Na]+
11.05	11.199331665039068	[M+H]+
11.05	-6.209240722656261	[M-H]-
9.56	2.7092346191406307	[M+Na]+
9.56	3.6807189941406193	[M-H]-
10.305	2.419281005859375	[M+Na]+
10.305	4.674652099609375	[M-H]-
10.49	13.52880249023437	[M+Na]+
10.49	15.530261230468739	[M+H]+
10.49	0.6920654296874886	[M-H]-
10.76	-3.363742065429676	[M+H]+
10.76	-10.037750244140625	[M+Na]+
10.76	8.664498901367182	[M-H]-
7.76	0.32272644042967613	[M+H]+
9.78	4.8257904052734375	[M+Na]+
9.78	-2.257809448242199	[M+H]+
10.47	-3.9063354492187443	[M+H]+
10.47	-1.7655395507812557	[M-H]-
9.37	-3.0173583984374943	[M-H]-
10.39	-4.032037353515619	[M-H]-
10.39	-2.1512023925781136	[M+H]+
9.76	5.585125732421886	[M+Na]+
9.76	-1.2660736083984432	[M+H]+
9.76	-2.324795532226574	[M-H]-
9.72	5.388787841796869	[M-H]-
10.87	4.596917724609369	[M+Na]+
7.824	-4.167645263671886	[M-H]-
8.61	6.654132080078128	[M-H]-
7.695	0.31116943359376137	[M-H]-
12.03	8.571397399902338	[M-H]-
16.86	3.3681152343750114	[M+Na]+
10.89	0.43583984374998863	[M+Na]+
13.2	9.395306396484386	[M+Na]+
13.2	3.490878295898426	[M+H]+
11.664	-4.330041503906244	[M+Na]+
11.664	0.4870849609374943	[M+H]+
13.19	-10.104663085937489	[M-H]-
10.5	13.844091796875006	[M+Na]+
10.5	2.610678100585943	[M+H]+
10.5	-11.979809570312511	[M-H]-
10.0	-0.18302612304688637	[M+H]+
10.0	-5.430090332031256	[M+Na]+
10.26	1.0156066894531364	[M+Na]+
10.445	-5.267309570312506	[M+Na]+
10.445	-1.9497741699218807	[M+H]+
10.445	-6.863085937499989	[M-H]-
10.5	-3.6863891601562386	[M+H]+
10.5	-4.664508056640614	[M+Na]+
10.0	-0.14945678710938637	[M+Na]+
10.0	-7.914556884765631	[M+H]+
10.0	-16.16405639648437	[M-H]-
10.0	-4.708239746093739	[M+Na]+
10.0	3.6773925781249943	[M+H]+
10.22	-10.283532714843744	[M+Na]+
10.48	4.819882202148449	[M-H]-
10.56	1.9162933349609261	[M+Na]+
10.805	3.1363067626953125	[M+Na]+
10.49	-9.716748046875011	[M+Na]+
10.49	1.2114715576171875	[M+H]+
10.49	-1.1402465820312386	[M-H]-
10.48	3.31127471923827	[M-H]-
9.76	4.448037719726557	[M-H]-
10.49	-2.040740966796875	[M+H]+
10.49	-12.371926879882807	[M+Na]+
10.49	4.4024810791015625	[M-H]-
10.28	2.1227600097656136	[M-H]-
8.85	5.956781005859369	[M-H]-
19.0	50.20195770263672	[M-H]-
18.1	28.98809967041015	[M-H]-
19.9	37.4179183959961	[M-H]-
14.52	5.367315673828131	[M-H]-
10.48	-1.6842529296874886	[M+Na]+
10.22	2.8377868652343636	[M+H]+
10.5	-10.666027832031261	[M+Na]+
10.5	-8.970718383789062	[M-H]-
9.414	2.0299743652343807	[M+Na]+
9.414	-0.3967224121093693	[M+H]+
10.42	7.627484130859386	[M+Na]+
10.42	-3.6837707519531193	[M+H]+
10.48	-10.060330200195324	[M+Na]+
10.48	61.60851135253907	[M-H]-
10.48	-5.257833862304693	[M+H]+
10.47	0.32464599609375	[M-H]-
10.74	-5.762646484375011	[M+Na]+
7.74	0.10434570312500568	[M-H]-
8.086	-5.39849853515625	[M+H]+
9.55	-6.030465698242182	[M-H]-
10.305	-0.5253967285156307	[M+H]+
10.8	1.1257202148437386	[M+H]+
9.87	-7.527258300781256	[M-H]-
10.5	-4.756170654296881	[M-H]-
10.88	2.8220977783203125	[M+H]+
10.88	4.539501953125011	[M+Na]+
9.94	-10.54088745117187	[M+H]+
10.5	-7.280072021484386	[M-H]-
9.48	-4.036895751953125	[M+Na]+
9.836	-2.6939544677734375	[M+H]+
9.836	2.695037841796875	[M+Na]+
10.805	8.835192871093739	[M+Na]+
10.805	0.6144989013671989	[M+H]+
10.914	0.46788330078123863	[M+H]+
8.76	5.3343505859375	[M+Na]+
8.76	-1.3070098876953011	[M+H]+
10.65	-1.8813140869140739	[M+H]+
9.94	-3.489627075195301	[M-H]-
13.31	52.772518920898435	[M-H]-
10.5	-11.03240356445312	[M+Na]+
11.37	0.810302734375	[M+Na]+
11.37	3.0423522949218693	[M-H]-
10.47	1.7183319091796818	[M+H]+
9.914	-4.743804931640625	[M-H]-
10.5	78.96171569824219	[M+Na]+
10.5	8.732196044921864	[M-H]-
9.81	-0.004708862304681816	[M+H]+
9.81	-1.7972839355468864	[M+Na]+
10.836	-0.16411743164061932	[M+Na]+
8.53	-0.19921264648436932	[M-H]-
9.55	-0.22963256835936363	[M-H]-
9.55	-1.5087371826171818	[M+H]+
10.48	-6.833291625976557	[M+Na]+
10.48	-7.85394287109375	[M-H]-
8.914	97.79963378906251	[M+H]+
10.28	-5.487518310546875	[M-H]-
10.45	-4.077343750000011	[M+H]+
10.45	-8.055395507812506	[M+Na]+
10.45	-5.162841796875	[M-H]-
10.6	-0.533050537109375	[M+H]+
10.6	-6.931109619140614	[M+Na]+
10.305	0.8895263671875	[M+Na]+
10.305	-5.505212402343744	[M+H]+
10.49	2.609609985351568	[M+Na]+
10.49	0.33453369140625	[M+H]+
10.61	7.208459472656244	[M+H]+
10.61	2.094747924804693	[M+Na]+
10.445	15.295101928710949	[M+Na]+
10.5	12.44512939453125	[M+Na]+
10.5	1.8999084472656307	[M+H]+
10.39	-3.4375152587890625	[M+H]+
10.39	-0.00164794921875	[M-H]-
10.39	-5.732269287109375	[M+Na]+
10.08	2.9826599121093693	[M+H]+
10.05	-1.6683715820312557	[M+H]+
9.914	3.251950073242199	[M+H]+
9.914	-1.7387634277343693	[M+Na]+
10.35	-0.9588714599609318	[M+H]+
10.35	-2.4456726074218693	[M+Na]+
10.22	-2.1060302734375114	[M-H]-
9.98	6.224322509765614	[M+H]+
9.98	-3.688558959960943	[M+Na]+
9.98	-8.295684814453125	[M-H]-
10.28	-5.666534423828125	[M-H]-
10.5	0.8458465576171932	[M+H]+
10.5	-2.5631958007812443	[M-H]-
9.836	-6.707464599609381	[M+H]+
10.0	-2.5536437988281193	[M+H]+
10.0	-3.3718383789062614	[M+Na]+
9.83	-3.1746826171875	[M+Na]+
9.83	-6.189233398437494	[M+H]+
9.8	-2.316058349609378	[M+H]+
10.01	-3.884622192382807	[M+H]+
10.0	-2.8090332031250114	[M+H]+
10.0	-10.879788208007824	[M+Na]+
10.37	-11.227706909179688	[M+Na]+
10.37	3.3885864257812557	[M+H]+
10.51	-2.715115356445324	[M+Na]+
10.51	-2.3641784667968864	[M+H]+
10.51	-3.339364624023432	[M-H]-
10.5	-3.8696044921875057	[M+H]+
10.5	5.038973999023426	[M+Na]+
10.5	-6.872589111328125	[M-H]-
10.25	-12.721545410156239	[M+Na]+
9.97	13.131483459472662	[M-H]-
8.02	2.6743835449218807	[M-H]-
9.44	3.4229248046875114	[M-H]-
10.52	-3.581329345703125	[M+Na]+
10.52	-0.31288452148436363	[M+H]+
24.95	-22.989593505859375	[M+Na]+
24.95	-15.181567382812489	[M+H]+
11.195	7.679425048828136	[M+H]+
11.195	10.874240112304676	[M+Na]+
10.5	20.721295166015636	[M+Na]+
10.5	10.820141601562511	[M+H]+
10.5	-8.592816162109386	[M-H]-
9.914	0.8486999511718807	[M-H]-
11.5	-5.143988037109381	[M+Na]+
11.5	53.655664062499994	[M+H]+
10.19	-12.477047729492199	[M+H]+
10.19	-4.286465454101574	[M+Na]+
10.19	-14.914752197265614	[M-H]-
10.35	-1.5089294433593636	[M+H]+
10.35	7.127850341796886	[M+Na]+
10.35	-2.38177490234375	[M-H]-
18.75	-33.35942382812499	[M+H]+
18.75	-29.40034179687501	[M+Na]+
18.75	-49.41014404296874	[M-H]-
8.695	3.789332580566409	[M-H]-
5.86	-0.85968017578125	[M-H]-
5.86	-3.3726684570312386	[M+H]+
10.0	-0.1887359619140625	[M-H]-
8.61	3.033557128906253	[M-H]-
10.0	12.486386108398449	[M+Na]+
10.0	-6.007666015625006	[M-H]-
10.27	-17.86088867187499	[M+Na]+
10.27	-4.359759521484364	[M+H]+
10.27	3.5598815917968807	[M-H]-
10.52	1.5777465820312386	[M+Na]+
10.52	3.9451110839843864	[M+H]+
10.14	-5.284033203125006	[M+Na]+
10.14	-4.154620361328114	[M+H]+
10.14	-3.5232116699218636	[M-H]-
10.5	4.897036743164051	[M+Na]+
10.5	1.9234558105468693	[M+H]+
10.5	-3.0488098144531364	[M-H]-
10.0	-7.416900634765625	[M+H]+
10.0	-2.9828979492187386	[M+Na]+
9.02	-0.25311279296875	[M+Na]+
9.02	65.57109374999999	[M-H]-
10.914	11.098611450195335	[M+Na]+
10.914	-20.025000000000006	[M+H]+
10.445	11.144317626953125	[M+H]+
10.445	5.9640045166015625	[M+Na]+
10.445	-0.5523895263671932	[M-H]-
10.49	0.4969116210937443	[M+H]+
10.49	-13.859527587890625	[M+Na]+
10.49	-8.599694824218744	[M+H]+
10.49	1.9449035644531136	[M+Na]+
10.49	-6.514773559570301	[M-H]-
10.39	-1.24542236328125	[M+Na]+
10.44	-17.23695068359376	[M+Na]+
10.44	3.244772338867193	[M-H]-
10.0	1.9748779296874943	[M+H]+
10.805	7.311953735351551	[M+Na]+
10.805	-0.2501220703125	[M+H]+
8.87	0.6815093994140682	[M-H]-
9.52	-0.4082092285156307	[M+H]+
10.49	-2.415652465820301	[M+H]+
10.49	-5.16998291015625	[M-H]-
8.05	-1.3010467529296932	[M+Na]+
8.05	-1.5579040527343864	[M+H]+
8.05	-1.0768615722656136	[M-H]-
12.1	0.09403076171875568	[M+H]+
11.61	-1.1784851074218636	[M+H]+
10.5	-14.830810546875	[M+Na]+
9.695	0.256988525390625	[M+Na]+
9.695	-3.5423767089843636	[M+H]+
11.13	-9.794137573242182	[M-H]-
10.22	-1.9902099609375057	[M-H]-
11.305	-1.5054565429687443	[M-H]-
11.35	19.515676879882818	[M+Na]+
11.35	3.760263061523432	[M+H]+
10.1	-1.622650146484375	[M-H]-
9.61	1.0808929443359432	[M-H]-
10.62	3.7181716918945256	[M-H]-
13.13	1.4747344970703153	[M-H]-
9.445	5.980444335937506	[M-H]-
10.49	-0.107391357421875	[M-H]-
10.39	-0.7473602294921875	[M-H]-
10.44	-1.2971557617187557	[M+Na]+
18.25	45.16130752563477	[M-H]-
11.06	-7.603186035156256	[M-H]-
14.69	-8.965682983398438	[M-H]-
11.67	-12.447070312499989	[M-H]-
14.88	16.328439331054682	[M-H]-
14.27	52.046360778808605	[M-H]-
10.945	5.504147338867199	[M-H]-
17.17	15.504426574707026	[M-H]-
10.88	0.8507293701171932	[M-H]-
11.36	-8.703765869140625	[M-H]-
11.64	-8.580340576171864	[M-H]-
10.38	-5.717694091796886	[M+Na]+
10.38	-8.576818847656256	[M-H]-
9.78	12.648933410644531	[M-H]-
15.836	68.69948654174804	[M-H]-
10.92	-1.03369140625	[M-H]-
10.12	-10.625964355468739	[M-H]-
9.98	1.3301177978515568	[M+Na]+
9.98	1.7153717041015568	[M+H]+
9.98	2.052194213867182	[M-H]-
10.99	-11.265338134765614	[M+Na]+
10.99	10.934619140624989	[M-H]-
10.48	-6.907727050781261	[M+H]+
10.4	0.8480224609375	[M+Na]+
10.0	-4.8821868896484375	[M+H]+
10.0	-0.21777648925780113	[M+Na]+
10.1	-3.5872863769531307	[M+H]+
10.0	-12.505395507812494	[M+H]+
10.0	-14.975366210937494	[M+Na]+
10.67	2.3248046875000057	[M+H]+
10.67	-1.566253662109375	[M+Na]+
11.086	2.9716735839843977	[M+H]+
11.086	-0.38134765625	[M+Na]+
11.086	5.059924316406239	[M-H]-
10.0	-4.324435424804676	[M+Na]+
10.0	-2.7584350585937614	[M+H]+
10.0	-3.0061401367187557	[M+Na]+
10.0	-10.071136474609375	[M+H]+
10.0	-8.054412841796875	[M-H]-
22.64	-1.8425537109375227	[M+Na]+
22.64	-11.474047851562489	[M+H]+
22.64	-5.97064208984375	[M-H]-
10.6	4.790301513671864	[M+H]+
10.6	-7.230227661132801	[M+Na]+
11.86	-0.19085693359375	[M+Na]+
11.86	1.4599487304687386	[M+H]+
11.86	-5.248800659179693	[M-H]-
10.086	1.2267852783203068	[M+H]+
10.086	-1.5713928222656364	[M+Na]+
10.086	6.619671630859386	[M-H]-
10.47	-9.110681152343744	[M+H]+
10.47	-8.239559936523449	[M+Na]+
10.0	2.472232055664051	[M+Na]+
10.0	-1.0824188232421932	[M+H]+
10.0	-5.579931640625006	[M-H]-
10.5	-1.1468872070312557	[M+Na]+
10.5	0.09624023437498863	[M+H]+
10.0	-3.2626281738281193	[M+H]+
10.0	-1.6449768066406136	[M+H]+
10.0	1.9082397460937557	[M-H]-
10.86	-13.493496704101574	[M+Na]+
10.86	-12.931671142578125	[M-H]-
10.836	-17.556182861328125	[M+Na]+
10.836	-14.308560180664074	[M-H]-
19.9	-9.403112792968756	[M+Na]+
8.39	-2.288577270507801	[M+Na]+
8.39	3.126162719726551	[M-H]-
10.164	-5.590667724609375	[M+H]+
10.164	-6.329785156250011	[M+Na]+
10.164	-0.7447326660156364	[M-H]-
16.9	22.707992553710938	[M-H]-
8.98	4.786734008789068	[M-H]-
10.164	4.522735595703125	[M+Na]+
10.164	-7.162725830078131	[M+H]+
10.164	-2.2066101074218807	[M-H]-
10.5	1.58843994140625	[M+H]+
10.5	0.944488525390625	[M-H]-
10.25	3.8572021484374943	[M+Na]+
10.25	-5.750241088867199	[M+H]+
10.25	2.5429565429687386	[M-H]-
10.5	0.8965942382812386	[M+H]+
10.5	0.4738311767578125	[M+Na]+
10.5	4.560705566406256	[M-H]-
9.836	2.2147644042968864	[M+Na]+
9.836	-2.537933349609375	[M+H]+
9.836	2.0789428710937443	[M-H]-
13.38	-5.0502777099609375	[M-H]-
19.08	4.962329101562489	[M+Na]+
10.5	8.101107788085926	[M+H]+
9.83	-3.5283447265624943	[M-H]-
9.805	1.1443237304687557	[M+H]+
9.805	7.268969726562489	[M+Na]+
21.84	-19.942755126953102	[M+Na]+
21.84	-23.28626708984376	[M-H]-
21.84	-16.459265136718727	[M+H]+
10.305	7.874798583984386	[M+Na]+
10.305	3.6799774169921875	[M+H]+
10.27	4.858432006835926	[M+H]+
10.27	2.3155151367187443	[M+Na]+
10.27	3.6987243652343693	[M-H]-
10.42	-2.5053283691406136	[M+H]+
10.42	-3.209503173828125	[M+Na]+
9.48	-1.5278106689453068	[M-H]-
9.94	-4.133862304687511	[M+H]+
9.94	-5.850274658203119	[M-H]-
10.086	-6.205737304687489	[M+H]+
10.086	-15.093792724609386	[M+Na]+
10.5	1.3138244628906364	[M+H]+
10.5	-5.385754394531261	[M-H]-
10.414	-8.406356811523438	[M+Na]+
10.414	-4.871270751953119	[M+H]+
9.87	-4.202990722656239	[M+Na]+
9.87	-3.0031188964843807	[M-H]-
9.98	2.065341186523426	[M+H]+
9.98	-4.250988769531261	[M+Na]+
9.98	1.66748046875	[M-H]-
10.63	2.0609497070312557	[M+H]+
10.77	-2.4810607910156364	[M+H]+
10.77	0.8777221679687557	[M+Na]+
10.086	0.26210327148436363	[M-H]-
10.27	-9.812088012695312	[M+H]+
10.27	-2.067416381835926	[M+Na]+
10.27	7.898916625976568	[M-H]-
10.6	-12.725866699218756	[M+Na]+
10.6	-4.003466796874989	[M+H]+
10.6	-6.233245849609375	[M-H]-
13.44	-2.9068420410156364	[M+H]+
13.44	0.37034301757813637	[M+Na]+
10.48	-1.0569641113281136	[M+H]+
10.48	-7.103903198242193	[M+Na]+
10.48	-2.7512268066406307	[M-H]-
10.6	-2.4508605957031193	[M-H]-
10.0	-4.425372314453114	[M+Na]+
15.164	3.0053527832031364	[M+Na]+
10.805	-0.9094451904296932	[M+H]+
10.805	7.534426879882801	[M+Na]+
10.92	-0.6709533691406193	[M+H]+
11.45	-0.19984741210936363	[M+H]+
9.13	0.95013427734375	[M-H]-
9.06	-0.42835693359376137	[M-H]-
9.695	-4.974279785156256	[M-H]-
10.27	0.3338562011718693	[M+H]+
11.73	6.004400634765631	[M-H]-
10.3	-0.5363983154296932	[M-H]-
11.17	-12.50025024414063	[M-H]-
10.5	4.526986694335932	[M+H]+
9.945	-1.5568115234374886	[M-H]-
17.27	4.317730712890636	[M+Na]+
17.27	-0.17590942382813068	[M+H]+
11.63	-2.6096130371093693	[M+Na]+
12.19	-3.7663208007812443	[M+Na]+
10.83	-2.8153930664062443	[M+Na]+
10.83	-9.554196166992199	[M+H]+
11.98	5.5204010009765625	[M+Na]+
12.055	1.3850585937499886	[M+Na]+
10.0	2.6957580566406136	[M+Na]+
10.0	-1.9645721435546761	[M-H]-
15.75	2.95965576171875	[M+Na]+
15.75	-12.121166992187511	[M-H]-
15.75	1.5806518554687443	[M+H]+
10.38	-3.9142822265625057	[M+Na]+
10.836	1.0727050781250114	[M+H]+
10.836	-12.362103271484386	[M+Na]+
10.14	-5.829064941406244	[M+Na]+
10.14	3.346282958984375	[M-H]-
10.49	2.446481323242182	[M+H]+
10.49	5.724444580078114	[M+Na]+
10.49	-1.9411163330078125	[M-H]-
11.38	-13.414266967773443	[M+Na]+
11.38	-7.266482543945301	[M-H]-
11.38	-3.320657348632807	[M+H]+
11.08	-2.127185058593753	[M+H]+
10.5	-1.5772155761718807	[M+Na]+
10.5	-1.5244995117187443	[M+H]+
10.5	-7.284445190429693	[M-H]-
10.47	-1.4811187744140568	[M+H]+
9.67	2.6926635742187557	[M-H]-
11.695	14.275836181640614	[M+Na]+
10.5	-3.171377563476568	[M+Na]+
10.5	2.6604736328125114	[M+H]+
10.5	0.182586669921875	[M+H]+
10.5	-4.130474853515636	[M+Na]+
15.22	6.140480041503906	[M+H]+
11.87	4.141687011718744	[M-H]-
10.99	1.7698135375976562	[M-H]-
9.52	-3.564523315429682	[M-H]-
9.805	-2.5043395996093807	[M+H]+
10.5	-6.966229248046886	[M+Na]+
10.5	1.2988555908203239	[M+H]+
12.836	-0.39850158691405113	[M-H]-
10.42	0.4892639160156307	[M+H]+
10.42	-5.141894531249989	[M+Na]+
9.914	0.8832336425781193	[M+Na]+
9.914	1.5490600585937386	[M+H]+
9.914	4.742395019531244	[M-H]-
8.02	1.0480743408203068	[M+Na]+
8.02	0.4839019775390625	[M-H]-
9.695	-1.5913116455078011	[M-H]-
10.98	5.285180664062494	[M+Na]+
10.98	0.8558288574218693	[M+H]+
10.086	-0.6971984863281193	[M+Na]+
10.086	0.17048950195311363	[M+H]+
10.0	-1.6751892089843636	[M+H]+
10.69	4.279183959960932	[M+Na]+
10.37	-6.869268798828131	[M+Na]+
10.37	69.044189453125	[M-H]-
11.17	-14.384075927734386	[M+Na]+
11.17	-12.214489746093761	[M-H]-
10.5	-9.654928588867193	[M+Na]+
10.5	-4.144982910156244	[M-H]-
10.28	-2.5188781738281136	[M+H]+
10.28	-14.596112060546886	[M+Na]+
10.35	1.8174194335937557	[M+H]+
10.35	3.5309326171874886	[M+Na]+
10.35	4.507299804687506	[M-H]-
10.48	0.9510559082031307	[M-H]-
9.55	-5.142355346679693	[M+H]+
9.55	-2.7683837890625114	[M+Na]+
10.86	-9.678085327148438	[M+Na]+
10.37	-0.37733154296876137	[M+Na]+
10.37	3.5096588134765625	[M+H]+
10.33	0.2536071777343807	[M+Na]+
10.33	-11.984240722656239	[M-H]-
10.42	1.5854125976562443	[M+H]+
10.42	-8.192303466796886	[M-H]-
10.445	3.1419799804687614	[M+Na]+
10.5	89.0331970214844	[M+H]+
10.36	-4.674932861328131	[M+H]+
10.36	-8.214019775390625	[M+Na]+
10.36	-4.994274902343761	[M-H]-
10.5	3.9129821777343636	[M+Na]+
10.5	4.499035644531261	[M+H]+
9.805	-0.20107421874999432	[M+H]+
8.445	1.2469207763671761	[M-H]-
14.02	4.155084228515619	[M+H]+
14.02	7.833441162109381	[M+Na]+
10.805	5.549365234374989	[M+Na]+
12.01	10.507043457031244	[M+Na]+
12.01	-5.874551391601557	[M+H]+
10.98	202.92510375976565	[M-H]-
12.95	-2.8723388671874943	[M+Na]+
16.75	-1.3134582519531364	[M+Na]+
9.414	-5.317657470703125	[M-H]-
10.336	-7.143084716796864	[M+Na]+
10.414	-7.623651123046869	[M+Na]+
10.9	-1.3624023437500057	[M+Na]+
13.85	-0.9942260742187443	[M+H]+
13.85	3.172088623046875	[M+Na]+
12.15	-5.8471527099609375	[M+Na]+
10.97	-0.8046447753906136	[M+Na]+
13.13	-1.8997741699218693	[M+Na]+
13.13	-3.5032836914062386	[M-H]-
13.13	-10.80761108398437	[M+H]+
10.99	-0.35647888183592613	[M+Na]+
11.86	-0.13062133789063068	[M+Na]+
10.5	-3.4005004882812386	[M+H]+
10.5	0.598236083984375	[M+Na]+
10.72	2.27557373046875	[M+H]+
10.72	-4.020721435546875	[M+Na]+
10.72	-1.8476531982421989	[M-H]-
10.44	-2.1437622070312443	[M+H]+
10.44	-12.809283447265614	[M-H]-
9.74	-5.104208374023443	[M+Na]+
9.74	-0.2826904296875057	[M-H]-
16.3	10.465855407714841	[M-H]-
10.5	-4.841061401367199	[M-H]-
11.92	10.63921508789062	[M+Na]+
10.81	-11.151376342773432	[M+Na]+
10.81	-6.777642822265619	[M+H]+
10.36	-2.711453247070324	[M-H]-
10.03	-28.567153930664062	[M-H]-
10.48	-11.068627929687494	[M+Na]+
10.25	-2.672088623046875	[M+Na]+
14.64	2.703857421875	[M+H]+
14.64	0.35896606445311363	[M+Na]+
10.5	-0.408355712890625	[M+H]+
10.5	10.403155517578114	[M+Na]+
10.28	-10.071319580078125	[M+H]+
10.586	4.109194946289051	[M+H]+
10.586	10.43041381835937	[M+Na]+
10.62	8.56341552734375	[M-H]-
10.9	-1.8903930664062614	[M+Na]+
13.24	9.147308349609375	[M+Na]+
10.76	-9.352197265624994	[M+Na]+
10.555	-5.817819213867182	[M+Na]+
10.77	-4.415136718750006	[M+H]+
10.77	-3.4717834472656364	[M+Na]+
14.445	2.955142211914051	[M+Na]+
14.445	-1.8613647460937557	[M+H]+
14.445	-22.848876953125	[M-H]-
15.61	10.952944946289051	[M+Na]+
13.055	4.397177124023443	[M+Na]+
13.055	1.7723144531250057	[M+Na]+
13.17	6.705892944335943	[M+Na]+
12.05	-1.17388916015625	[M+H]+
12.05	3.5535217285156477	[M+Na]+
11.25	-3.6173889160156136	[M+Na]+
10.5	3.7556274414062614	[M+H]+
10.5	15.892709350585932	[M+Na]+
15.51	10.941720581054682	[M-H]-
10.445	-5.831146240234375	[M+Na]+
10.445	2.154837036132818	[M+H]+
10.31	-1.659271240234375	[M+H]+
10.5	-22.744958496093744	[M-H]-
10.0	-0.6552673339843693	[M+H]+
10.0	-2.1203735351562614	[M-H]-
10.5	-16.418789672851574	[M+Na]+
10.5	-6.770727539062506	[M+H]+
10.5	-2.6732727050781193	[M-H]-
10.75	15.52605285644529	[M+Na]+
10.75	-1.00970458984375	[M+H]+
10.75	-2.0264038085937557	[M-H]-
9.85	2.387454223632801	[M-H]-
9.85	14.28087768554687	[M+Na]+
9.85	5.006265258789057	[M+H]+
9.85	3.7716125488281307	[M-H]-
9.69	-6.325387573242182	[M-H]-
10.35	-8.8427734375	[M-H]-
11.695	0.3526367187500057	[M-H]-
10.5	0.9346252441406193	[M-H]-
10.3	-0.5812927246093693	[M+Na]+
10.3	0.6951416015625114	[M+H]+
10.3	3.4198974609375057	[M-H]-
9.72	-1.8404968261718864	[M+Na]+
9.72	-0.1464385986328125	[M+H]+
10.42	-2.7258544921874943	[M+H]+
10.42	2.0086791992187614	[M+Na]+
10.0	-1.5661682128906307	[M+H]+
9.87	-7.069406127929682	[M-H]-
9.98	-6.6662445068359375	[M+H]+
9.98	-6.5525360107421875	[M+Na]+
9.92	-3.487823486328125	[M+H]+
9.92	0.5646087646484261	[M+Na]+
9.49	-4.107037353515636	[M+H]+
10.39	-3.3122711181640625	[M+Na]+
10.39	-7.726004028320318	[M+H]+
10.39	-3.679708862304693	[M-H]-
12.95	6.488006591796875	[M+Na]+
12.95	-13.668032836914051	[M+H]+
10.05	-5.220529174804682	[M+Na]+
10.05	-7.164678955078131	[M+H]+
10.0	-6.12664794921875	[M-H]-
10.17	-2.660928344726557	[M-H]-
10.12	-0.2508483886718693	[M+Na]+
9.85	-1.8858795166015625	[M+Na]+
9.85	-0.6061035156249943	[M+H]+
10.945	-1.1030517578124943	[M+Na]+
